,A_bins.016-Sphingomonas.sp.FUKUSWIS1_aa.faa.mapped.emapper.annotations,A_bins.002-Pseudomonas.syringae.group2_aa.faa.mapped.emapper.annotations,A_bins.003-Lactobacillus.brevis_aa.faa.mapped.emapper.annotations,A_bins.005-Pseudomonas.aeruginosa.group_aa.faa.mapped.emapper.annotations,A_bins.006-Komagataeibacter.hansenii_aa.faa.mapped.emapper.annotations,A_bins.007-Gluconobacter.oxydans_aa.faa.mapped.emapper.annotations,A_bins.008-Gulbenkiania.mobilis_aa.faa.mapped.emapper.annotations,A_bins.012-Oenococcus.oeni_aa.faa.mapped.emapper.annotations,A_bins.014-Lactobacillus.plantarum_aa.faa.mapped.emapper.annotations,A_bins.017-Chryseobacterium_aa.faa.mapped.emapper.annotations,A_bins.021-Pseudomonas.syringae.group1_aa.faa.mapped.emapper.annotations,A_bins.023-Asaia.prunellae_aa.faa.mapped.emapper.annotations,B_bins.003-Pseudomonas.syringae.group_aa.faa.mapped.emapper.annotations,B_bins.004-Bradyrhizobium.sp.BTAi1_aa.faa.mapped.emapper.annotations,B_bins.005-Lactobacillus.plantarum_aa.faa.mapped.emapper.annotations,B_bins.006-Propionibacteriaceae_aa.faa.mapped.emapper.annotations,B_bins.007-Rhodanobacter.sp.115_aa.faa.mapped.emapper.annotations,B_bins.011-Oenococcus.oeni_aa.faa.mapped.emapper.annotations,T_bins.003-Pseudomonas.syringae.group_aa.faa.mapped.emapper.annotations,T_bins.005-Rhodanobacter.sp.115_aa.faa.mapped.emapper.annotations,T_bins.006-Pseudoalteromonas.haloplanktis_aa.faa.mapped.emapper.annotations,T_bins.009-Pezizomycotina_aa.faa.mapped.emapper.annotations,T_bins.010-Oenococcus.oeni_aa.faa.mapped.emapper.annotations,T_bins.013-Lactobacillus.plantarum_aa.faa.mapped.emapper.annotations,number_kos
ko00010,24.0,28.0,26.0,29.0,35.0,26.0,20.0,26.0,27.0,28.0,29.0,31.0,28.0,38.0,28.0,52.0,29.0,25.0,28.0,28.0,29.0,49.0,25.0,27.0,103.0
ko00020,19.0,25.0,11.0,25.0,22.0,14.0,19.0,5.0,10.0,21.0,25.0,23.0,24.0,24.0,10.0,37.0,21.0,5.0,24.0,22.0,23.0,33.0,5.0,10.0,58.0
ko00030,25.0,33.0,20.0,22.0,28.0,26.0,21.0,18.0,17.0,14.0,28.0,28.0,30.0,29.0,15.0,33.0,24.0,20.0,30.0,24.0,20.0,33.0,20.0,17.0,83.0
ko00040,13.0,15.0,11.0,5.0,9.0,9.0,3.0,9.0,10.0,8.0,14.0,12.0,14.0,15.0,9.0,30.0,7.0,11.0,14.0,8.0,16.0,29.0,9.0,10.0,79.0
ko00051,24.0,34.0,18.0,18.0,20.0,27.0,11.0,12.0,28.0,18.0,33.0,30.0,33.0,28.0,27.0,48.0,19.0,15.0,33.0,19.0,14.0,36.0,14.0,28.0,109.0
ko00052,16.0,14.0,14.0,10.0,7.0,14.0,7.0,17.0,25.0,13.0,13.0,16.0,14.0,15.0,23.0,30.0,14.0,16.0,14.0,15.0,15.0,23.0,16.0,25.0,78.0
ko00053,4.0,14.0,2.0,1.0,5.0,7.0,4.0,6.0,2.0,10.0,13.0,8.0,13.0,15.0,2.0,13.0,4.0,6.0,13.0,4.0,5.0,10.0,6.0,2.0,50.0
ko00061,10.0,17.0,11.0,14.0,14.0,13.0,13.0,12.0,13.0,13.0,15.0,11.0,17.0,16.0,12.0,18.0,17.0,12.0,17.0,16.0,17.0,19.0,12.0,13.0,33.0
ko00062,0.0,1.0,1.0,0.0,0.0,0.0,0.0,0.0,0.0,0.0,1.0,0.0,1.0,0.0,0.0,14.0,0.0,0.0,1.0,0.0,0.0,10.0,0.0,0.0,25.0
ko00071,15.0,19.0,8.0,18.0,9.0,8.0,14.0,9.0,8.0,11.0,16.0,14.0,19.0,18.0,6.0,23.0,19.0,8.0,19.0,20.0,15.0,22.0,8.0,8.0,58.0
ko00072,5.0,5.0,2.0,5.0,1.0,0.0,3.0,2.0,3.0,6.0,5.0,3.0,5.0,7.0,3.0,5.0,4.0,2.0,5.0,4.0,5.0,4.0,2.0,3.0,8.0
ko00073,0.0,0.0,0.0,0.0,0.0,0.0,0.0,0.0,0.0,0.0,0.0,0.0,0.0,0.0,0.0,3.0,0.0,0.0,0.0,0.0,0.0,0.0,0.0,0.0,14.0
ko00100,0.0,0.0,0.0,0.0,1.0,1.0,1.0,0.0,0.0,0.0,0.0,1.0,0.0,2.0,0.0,19.0,0.0,0.0,0.0,0.0,1.0,18.0,0.0,0.0,31.0
ko00120,0.0,0.0,1.0,1.0,0.0,0.0,0.0,1.0,1.0,0.0,0.0,0.0,0.0,1.0,1.0,3.0,0.0,1.0,0.0,0.0,0.0,4.0,1.0,1.0,18.0
ko00121,0.0,1.0,1.0,2.0,1.0,1.0,1.0,1.0,1.0,1.0,2.0,2.0,1.0,2.0,1.0,2.0,2.0,1.0,1.0,2.0,1.0,1.0,1.0,1.0,14.0
ko00130,11.0,17.0,6.0,19.0,12.0,13.0,13.0,8.0,6.0,14.0,19.0,15.0,17.0,14.0,6.0,22.0,14.0,7.0,17.0,14.0,15.0,25.0,7.0,6.0,58.0
ko00140,0.0,3.0,1.0,1.0,2.0,1.0,0.0,0.0,0.0,0.0,3.0,2.0,3.0,2.0,0.0,8.0,0.0,0.0,3.0,0.0,1.0,7.0,0.0,0.0,48.0
ko00190,50.0,68.0,15.0,45.0,57.0,42.0,53.0,13.0,17.0,40.0,53.0,40.0,61.0,60.0,16.0,109.0,66.0,13.0,48.0,67.0,53.0,95.0,13.0,22.0,216.0
ko00195,9.0,16.0,8.0,7.0,8.0,9.0,9.0,8.0,8.0,8.0,9.0,7.0,9.0,11.0,8.0,9.0,9.0,8.0,9.0,10.0,10.0,3.0,8.0,8.0,63.0
ko00220,16.0,24.0,16.0,20.0,15.0,15.0,17.0,8.0,14.0,17.0,26.0,15.0,24.0,25.0,11.0,30.0,17.0,8.0,24.0,17.0,22.0,34.0,6.0,14.0,58.0
ko00230,45.0,71.0,52.0,61.0,49.0,61.0,57.0,37.0,44.0,46.0,67.0,55.0,71.0,69.0,45.0,86.0,55.0,37.0,71.0,55.0,52.0,94.0,36.0,45.0,204.0
ko00232,0.0,0.0,0.0,0.0,0.0,0.0,0.0,0.0,0.0,0.0,1.0,0.0,0.0,0.0,0.0,2.0,1.0,0.0,0.0,1.0,0.0,2.0,0.0,0.0,16.0
ko00240,25.0,38.0,40.0,31.0,28.0,33.0,39.0,28.0,36.0,37.0,36.0,35.0,37.0,39.0,26.0,54.0,35.0,28.0,37.0,35.0,31.0,52.0,28.0,36.0,99.0
ko00250,17.0,26.0,23.0,27.0,25.0,23.0,27.0,15.0,21.0,24.0,26.0,23.0,26.0,29.0,17.0,35.0,25.0,15.0,26.0,25.0,30.0,41.0,15.0,21.0,68.0
ko00253,0.0,0.0,0.0,0.0,0.0,1.0,0.0,0.0,0.0,0.0,0.0,1.0,0.0,2.0,0.0,1.0,0.0,0.0,0.0,0.0,0.0,1.0,0.0,0.0,17.0
ko00254,0.0,0.0,0.0,0.0,0.0,0.0,0.0,0.0,0.0,0.0,0.0,0.0,0.0,0.0,0.0,3.0,0.0,0.0,0.0,0.0,0.0,4.0,0.0,0.0,13.0
ko00260,29.0,43.0,23.0,38.0,38.0,34.0,35.0,19.0,24.0,26.0,41.0,34.0,43.0,43.0,21.0,49.0,40.0,19.0,43.0,39.0,36.0,49.0,19.0,24.0,98.0
ko00261,9.0,11.0,5.0,9.0,9.0,9.0,11.0,5.0,5.0,6.0,11.0,6.0,11.0,12.0,4.0,9.0,11.0,5.0,11.0,11.0,9.0,11.0,5.0,5.0,28.0
ko00270,23.0,38.0,27.0,34.0,30.0,30.0,32.0,19.0,28.0,29.0,40.0,27.0,39.0,41.0,26.0,44.0,43.0,20.0,38.0,43.0,40.0,54.0,20.0,28.0,109.0
ko00280,27.0,24.0,8.0,21.0,11.0,9.0,20.0,8.0,9.0,21.0,26.0,14.0,24.0,32.0,7.0,37.0,25.0,8.0,24.0,25.0,25.0,31.0,8.0,9.0,69.0
ko00281,4.0,5.0,0.0,5.0,4.0,0.0,4.0,0.0,0.0,4.0,6.0,4.0,5.0,8.0,0.0,3.0,10.0,0.0,5.0,10.0,5.0,4.0,0.0,0.0,15.0
ko00290,11.0,11.0,9.0,12.0,11.0,10.0,11.0,6.0,2.0,2.0,12.0,7.0,11.0,11.0,2.0,12.0,12.0,6.0,11.0,12.0,13.0,14.0,6.0,2.0,19.0
ko00300,16.0,21.0,19.0,18.0,19.0,17.0,17.0,16.0,18.0,18.0,19.0,15.0,21.0,18.0,17.0,21.0,20.0,16.0,21.0,20.0,17.0,25.0,16.0,18.0,45.0
ko00310,6.0,17.0,4.0,13.0,12.0,9.0,13.0,3.0,2.0,9.0,15.0,12.0,17.0,19.0,2.0,26.0,10.0,3.0,15.0,11.0,14.0,27.0,3.0,2.0,84.0
ko00311,2.0,1.0,1.0,2.0,3.0,2.0,1.0,1.0,1.0,1.0,1.0,2.0,1.0,2.0,1.0,6.0,2.0,1.0,1.0,2.0,1.0,3.0,1.0,1.0,15.0
ko00330,16.0,35.0,13.0,23.0,23.0,16.0,25.0,11.0,10.0,14.0,31.0,20.0,33.0,28.0,10.0,37.0,28.0,10.0,33.0,31.0,26.0,34.0,10.0,10.0,105.0
ko00332,2.0,3.0,2.0,3.0,1.0,3.0,3.0,2.0,2.0,1.0,3.0,2.0,3.0,4.0,2.0,3.0,3.0,2.0,3.0,3.0,3.0,3.0,2.0,2.0,19.0
ko00333,3.0,3.0,3.0,3.0,3.0,3.0,3.0,2.0,3.0,3.0,3.0,1.0,3.0,3.0,3.0,3.0,2.0,2.0,3.0,2.0,2.0,3.0,2.0,3.0,20.0
ko00340,17.0,21.0,17.0,15.0,13.0,17.0,19.0,1.0,16.0,17.0,22.0,16.0,22.0,25.0,7.0,25.0,22.0,1.0,22.0,21.0,20.0,23.0,1.0,16.0,46.0
ko00350,9.0,15.0,13.0,14.0,9.0,10.0,12.0,8.0,14.0,9.0,16.0,18.0,15.0,27.0,14.0,27.0,15.0,7.0,15.0,14.0,16.0,30.0,7.0,14.0,76.0
ko00360,12.0,16.0,10.0,12.0,12.0,13.0,11.0,5.0,9.0,18.0,18.0,20.0,16.0,31.0,8.0,25.0,14.0,5.0,16.0,14.0,12.0,20.0,5.0,9.0,79.0
ko00361,2.0,3.0,1.0,4.0,2.0,4.0,1.0,1.0,1.0,2.0,3.0,4.0,3.0,12.0,1.0,4.0,4.0,1.0,3.0,4.0,3.0,7.0,1.0,1.0,39.0
ko00362,16.0,20.0,8.0,21.0,9.0,6.0,11.0,5.0,4.0,10.0,17.0,22.0,20.0,43.0,3.0,13.0,16.0,7.0,20.0,16.0,9.0,16.0,6.0,4.0,103.0
ko00363,0.0,0.0,0.0,0.0,0.0,0.0,0.0,0.0,0.0,0.0,0.0,0.0,0.0,0.0,0.0,0.0,0.0,0.0,0.0,0.0,1.0,0.0,0.0,0.0,2.0
ko00364,1.0,1.0,0.0,7.0,1.0,2.0,1.0,0.0,0.0,1.0,1.0,2.0,1.0,5.0,0.0,2.0,2.0,0.0,1.0,2.0,2.0,3.0,0.0,0.0,18.0
ko00365,0.0,0.0,0.0,0.0,0.0,1.0,0.0,1.0,1.0,0.0,0.0,0.0,0.0,1.0,1.0,1.0,0.0,1.0,0.0,0.0,0.0,0.0,1.0,1.0,8.0
ko00380,11.0,15.0,4.0,8.0,11.0,7.0,9.0,4.0,4.0,9.0,13.0,15.0,15.0,20.0,4.0,24.0,20.0,4.0,15.0,18.0,9.0,22.0,4.0,4.0,74.0
ko00400,28.0,33.0,29.0,29.0,27.0,26.0,32.0,8.0,24.0,25.0,31.0,28.0,33.0,29.0,18.0,40.0,26.0,6.0,32.0,31.0,27.0,38.0,6.0,24.0,72.0
ko00401,6.0,7.0,6.0,7.0,6.0,5.0,8.0,3.0,6.0,5.0,8.0,5.0,7.0,7.0,6.0,6.0,8.0,2.0,7.0,8.0,7.0,7.0,2.0,6.0,30.0
ko00403,0.0,0.0,0.0,0.0,0.0,0.0,0.0,0.0,0.0,0.0,0.0,0.0,0.0,0.0,0.0,2.0,0.0,0.0,0.0,0.0,0.0,3.0,0.0,0.0,13.0
ko00404,1.0,0.0,0.0,0.0,0.0,1.0,0.0,0.0,0.0,1.0,0.0,1.0,0.0,2.0,0.0,1.0,2.0,0.0,0.0,2.0,2.0,3.0,0.0,0.0,34.0
ko00405,4.0,2.0,2.0,2.0,3.0,3.0,4.0,0.0,2.0,3.0,3.0,4.0,2.0,5.0,2.0,3.0,4.0,0.0,2.0,5.0,4.0,4.0,0.0,2.0,16.0
ko00410,7.0,13.0,4.0,11.0,9.0,9.0,12.0,3.0,6.0,7.0,12.0,12.0,13.0,16.0,5.0,17.0,9.0,3.0,12.0,10.0,11.0,20.0,3.0,6.0,45.0
ko00430,3.0,8.0,3.0,6.0,5.0,2.0,6.0,3.0,4.0,6.0,6.0,2.0,8.0,4.0,4.0,9.0,5.0,3.0,8.0,5.0,7.0,9.0,3.0,4.0,24.0
ko00440,2.0,7.0,2.0,7.0,2.0,2.0,2.0,0.0,3.0,3.0,9.0,3.0,8.0,9.0,3.0,7.0,2.0,1.0,8.0,2.0,3.0,5.0,0.0,3.0,42.0
ko00450,10.0,11.0,7.0,12.0,10.0,9.0,12.0,6.0,8.0,9.0,12.0,9.0,11.0,11.0,8.0,14.0,14.0,7.0,11.0,14.0,12.0,14.0,7.0,8.0,29.0
ko00460,4.0,6.0,3.0,5.0,5.0,6.0,5.0,3.0,3.0,4.0,7.0,5.0,6.0,7.0,2.0,10.0,5.0,3.0,6.0,5.0,7.0,10.0,3.0,3.0,35.0
ko00471,2.0,4.0,4.0,4.0,4.0,4.0,3.0,3.0,4.0,4.0,4.0,4.0,4.0,5.0,3.0,5.0,3.0,3.0,4.0,3.0,5.0,4.0,3.0,4.0,9.0
ko00472,1.0,0.0,0.0,0.0,2.0,0.0,1.0,0.0,0.0,0.0,0.0,2.0,0.0,2.0,0.0,3.0,2.0,0.0,0.0,1.0,1.0,1.0,0.0,0.0,8.0
ko00473,2.0,3.0,4.0,3.0,3.0,2.0,2.0,4.0,4.0,2.0,3.0,4.0,3.0,3.0,4.0,2.0,2.0,4.0,3.0,2.0,3.0,0.0,4.0,4.0,5.0
ko00480,11.0,17.0,8.0,12.0,11.0,13.0,13.0,7.0,7.0,6.0,16.0,15.0,17.0,16.0,6.0,24.0,13.0,6.0,17.0,13.0,15.0,29.0,6.0,7.0,49.0
ko00500,26.0,28.0,24.0,23.0,25.0,22.0,9.0,20.0,36.0,29.0,26.0,30.0,28.0,30.0,35.0,61.0,21.0,22.0,28.0,22.0,29.0,44.0,20.0,36.0,112.0
ko00510,1.0,1.0,1.0,0.0,2.0,2.0,0.0,1.0,1.0,1.0,1.0,4.0,1.0,1.0,1.0,26.0,2.0,1.0,1.0,2.0,0.0,27.0,0.0,1.0,43.0
ko00511,6.0,1.0,3.0,1.0,1.0,1.0,1.0,3.0,4.0,5.0,1.0,2.0,1.0,0.0,3.0,9.0,8.0,3.0,1.0,6.0,4.0,8.0,3.0,4.0,19.0
ko00512,0.0,0.0,0.0,0.0,0.0,0.0,0.0,0.0,0.0,0.0,0.0,0.0,0.0,0.0,0.0,1.0,0.0,0.0,0.0,0.0,0.0,1.0,0.0,0.0,11.0
ko00513,1.0,0.0,1.0,0.0,1.0,1.0,0.0,0.0,0.0,1.0,0.0,4.0,0.0,0.0,0.0,24.0,1.0,0.0,0.0,1.0,1.0,25.0,0.0,0.0,51.0
ko00514,0.0,0.0,0.0,0.0,0.0,0.0,0.0,0.0,0.0,0.0,0.0,1.0,0.0,0.0,0.0,2.0,0.0,0.0,0.0,0.0,0.0,2.0,0.0,0.0,26.0
ko00515,0.0,0.0,0.0,0.0,0.0,0.0,0.0,0.0,0.0,0.0,0.0,0.0,0.0,0.0,0.0,2.0,0.0,0.0,0.0,0.0,0.0,1.0,0.0,0.0,21.0
ko00520,38.0,42.0,35.0,31.0,37.0,34.0,39.0,33.0,35.0,35.0,40.0,41.0,42.0,39.0,34.0,71.0,38.0,33.0,42.0,45.0,42.0,54.0,33.0,35.0,156.0
ko00521,6.0,9.0,6.0,8.0,7.0,8.0,7.0,6.0,7.0,6.0,9.0,9.0,9.0,9.0,6.0,8.0,8.0,6.0,9.0,8.0,4.0,9.0,6.0,6.0,19.0
ko00522,0.0,1.0,0.0,0.0,0.0,0.0,0.0,0.0,0.0,0.0,0.0,0.0,1.0,0.0,0.0,0.0,0.0,0.0,1.0,0.0,0.0,0.0,0.0,0.0,36.0
ko00523,1.0,5.0,3.0,6.0,3.0,3.0,3.0,4.0,4.0,7.0,5.0,4.0,5.0,4.0,3.0,2.0,5.0,4.0,5.0,5.0,1.0,2.0,4.0,3.0,58.0
ko00524,1.0,1.0,1.0,1.0,1.0,1.0,1.0,1.0,1.0,1.0,1.0,1.0,1.0,1.0,1.0,2.0,1.0,1.0,1.0,1.0,1.0,2.0,1.0,1.0,57.0
ko00525,0.0,2.0,1.0,2.0,2.0,1.0,2.0,2.0,2.0,2.0,2.0,2.0,2.0,2.0,1.0,2.0,2.0,2.0,2.0,2.0,0.0,1.0,2.0,1.0,27.0
ko00531,3.0,1.0,1.0,1.0,2.0,1.0,1.0,0.0,0.0,3.0,1.0,2.0,1.0,1.0,0.0,3.0,2.0,0.0,1.0,2.0,2.0,3.0,0.0,0.0,15.0
ko00532,0.0,0.0,0.0,0.0,0.0,0.0,0.0,0.0,0.0,0.0,0.0,0.0,0.0,0.0,0.0,1.0,0.0,0.0,0.0,0.0,0.0,2.0,0.0,0.0,18.0
ko00533,0.0,0.0,0.0,0.0,0.0,0.0,0.0,0.0,0.0,0.0,0.0,0.0,0.0,0.0,0.0,1.0,0.0,0.0,0.0,0.0,0.0,1.0,0.0,0.0,14.0
ko00534,0.0,0.0,0.0,0.0,0.0,0.0,0.0,0.0,0.0,0.0,0.0,0.0,0.0,0.0,0.0,0.0,0.0,0.0,0.0,0.0,0.0,1.0,0.0,0.0,22.0
ko00540,2.0,27.0,1.0,23.0,15.0,17.0,26.0,2.0,1.0,16.0,22.0,16.0,27.0,19.0,1.0,8.0,22.0,2.0,27.0,22.0,25.0,20.0,2.0,1.0,59.0
ko00550,21.0,24.0,26.0,24.0,23.0,20.0,24.0,30.0,27.0,20.0,25.0,20.0,24.0,21.0,22.0,24.0,25.0,28.0,24.0,25.0,22.0,16.0,29.0,26.0,47.0
ko00561,5.0,12.0,16.0,11.0,11.0,11.0,7.0,13.0,17.0,5.0,13.0,9.0,12.0,9.0,17.0,34.0,10.0,13.0,11.0,11.0,10.0,36.0,13.0,17.0,86.0
ko00562,9.0,11.0,2.0,3.0,7.0,6.0,3.0,2.0,4.0,1.0,13.0,8.0,11.0,7.0,4.0,27.0,3.0,2.0,11.0,3.0,5.0,21.0,2.0,4.0,74.0
ko00563,0.0,0.0,0.0,0.0,0.0,0.0,0.0,1.0,0.0,0.0,0.0,0.0,0.0,0.0,0.0,21.0,0.0,1.0,0.0,0.0,0.0,22.0,1.0,0.0,26.0
ko00564,13.0,23.0,17.0,19.0,20.0,16.0,18.0,14.0,15.0,11.0,22.0,14.0,23.0,20.0,16.0,55.0,24.0,16.0,23.0,26.0,23.0,54.0,14.0,16.0,110.0
ko00565,2.0,1.0,0.0,0.0,2.0,1.0,1.0,1.0,0.0,0.0,1.0,1.0,1.0,2.0,0.0,11.0,2.0,1.0,1.0,2.0,1.0,11.0,1.0,0.0,30.0
ko00571,2.0,0.0,0.0,1.0,1.0,1.0,0.0,0.0,0.0,2.0,0.0,1.0,0.0,1.0,0.0,4.0,1.0,0.0,0.0,1.0,0.0,1.0,0.0,0.0,14.0
ko00572,1.0,1.0,1.0,0.0,1.0,1.0,2.0,0.0,2.0,2.0,0.0,1.0,1.0,1.0,1.0,1.0,1.0,0.0,1.0,1.0,0.0,2.0,0.0,2.0,12.0
ko00590,1.0,1.0,1.0,1.0,1.0,1.0,2.0,1.0,1.0,1.0,1.0,1.0,1.0,1.0,1.0,9.0,2.0,1.0,1.0,2.0,2.0,10.0,1.0,1.0,44.0
ko00591,0.0,0.0,0.0,0.0,1.0,0.0,1.0,0.0,0.0,0.0,0.0,0.0,0.0,0.0,0.0,5.0,2.0,0.0,0.0,2.0,1.0,5.0,0.0,0.0,25.0
ko00592,1.0,1.0,0.0,1.0,2.0,0.0,2.0,0.0,0.0,1.0,1.0,1.0,1.0,1.0,0.0,5.0,2.0,0.0,1.0,2.0,2.0,6.0,0.0,0.0,25.0
ko00600,3.0,2.0,2.0,0.0,2.0,3.0,0.0,3.0,2.0,3.0,1.0,5.0,1.0,2.0,2.0,19.0,5.0,3.0,1.0,4.0,2.0,19.0,3.0,2.0,41.0
ko00601,0.0,0.0,0.0,0.0,0.0,0.0,0.0,0.0,0.0,0.0,0.0,0.0,0.0,1.0,0.0,1.0,0.0,0.0,0.0,0.0,0.0,0.0,0.0,0.0,27.0
ko00603,1.0,0.0,2.0,0.0,1.0,2.0,0.0,1.0,1.0,2.0,0.0,2.0,0.0,0.0,1.0,4.0,2.0,1.0,0.0,2.0,1.0,3.0,1.0,1.0,15.0
ko00604,1.0,0.0,1.0,0.0,1.0,1.0,0.0,0.0,0.0,1.0,0.0,1.0,0.0,0.0,0.0,2.0,1.0,0.0,0.0,1.0,1.0,2.0,0.0,0.0,14.0
ko00620,31.0,42.0,32.0,38.0,39.0,30.0,31.0,28.0,31.0,32.0,45.0,34.0,42.0,46.0,31.0,49.0,33.0,28.0,42.0,34.0,37.0,52.0,28.0,31.0,102.0
ko00621,0.0,2.0,2.0,3.0,0.0,1.0,0.0,2.0,2.0,0.0,0.0,4.0,2.0,7.0,1.0,1.0,1.0,2.0,2.0,1.0,0.0,2.0,2.0,2.0,31.0
ko00622,0.0,3.0,3.0,7.0,0.0,2.0,1.0,3.0,3.0,1.0,1.0,7.0,3.0,14.0,2.0,0.0,3.0,3.0,3.0,3.0,0.0,5.0,3.0,3.0,34.0
ko00623,1.0,2.0,1.0,4.0,1.0,1.0,1.0,1.0,1.0,1.0,2.0,3.0,2.0,15.0,1.0,4.0,3.0,1.0,2.0,3.0,2.0,4.0,1.0,1.0,46.0
ko00624,1.0,3.0,0.0,1.0,0.0,0.0,0.0,0.0,0.0,0.0,2.0,4.0,3.0,4.0,0.0,2.0,0.0,0.0,3.0,0.0,0.0,2.0,0.0,0.0,41.0
ko00625,4.0,7.0,7.0,6.0,5.0,5.0,2.0,7.0,5.0,4.0,6.0,7.0,7.0,9.0,5.0,8.0,5.0,6.0,7.0,5.0,5.0,12.0,6.0,5.0,43.0
ko00626,2.0,4.0,5.0,5.0,2.0,2.0,1.0,5.0,3.0,2.0,3.0,7.0,4.0,4.0,3.0,6.0,2.0,4.0,4.0,2.0,3.0,6.0,4.0,3.0,29.0
ko00627,4.0,11.0,4.0,7.0,7.0,6.0,3.0,4.0,5.0,4.0,10.0,7.0,11.0,24.0,5.0,14.0,6.0,4.0,11.0,6.0,4.0,13.0,4.0,5.0,76.0
ko00630,32.0,39.0,19.0,35.0,30.0,21.0,36.0,10.0,16.0,21.0,37.0,28.0,37.0,51.0,13.0,42.0,29.0,9.0,37.0,29.0,28.0,43.0,9.0,16.0,101.0
ko00633,1.0,2.0,1.0,2.0,2.0,2.0,2.0,1.0,1.0,3.0,3.0,3.0,2.0,4.0,1.0,1.0,1.0,1.0,2.0,1.0,1.0,2.0,1.0,1.0,19.0
ko00640,23.0,30.0,19.0,28.0,20.0,14.0,27.0,16.0,17.0,29.0,25.0,20.0,30.0,40.0,16.0,43.0,25.0,16.0,29.0,25.0,31.0,41.0,16.0,17.0,105.0
ko00642,1.0,2.0,0.0,2.0,1.0,0.0,1.0,0.0,0.0,1.0,2.0,2.0,2.0,2.0,0.0,0.0,1.0,0.0,2.0,1.0,1.0,1.0,0.0,0.0,16.0
ko00643,4.0,6.0,1.0,6.0,1.0,3.0,4.0,1.0,0.0,4.0,7.0,6.0,6.0,8.0,0.0,6.0,4.0,1.0,6.0,4.0,4.0,8.0,1.0,0.0,25.0
ko00650,21.0,32.0,13.0,29.0,23.0,17.0,24.0,10.0,13.0,23.0,31.0,23.0,33.0,38.0,12.0,31.0,24.0,10.0,32.0,25.0,25.0,34.0,10.0,13.0,93.0
ko00660,10.0,9.0,6.0,10.0,9.0,5.0,7.0,5.0,3.0,3.0,7.0,4.0,9.0,9.0,3.0,12.0,7.0,5.0,9.0,7.0,8.0,11.0,5.0,3.0,29.0
ko00670,11.0,17.0,11.0,16.0,10.0,11.0,12.0,11.0,10.0,13.0,14.0,13.0,16.0,12.0,7.0,16.0,12.0,11.0,16.0,12.0,12.0,15.0,11.0,11.0,36.0
ko00680,14.0,29.0,17.0,30.0,29.0,21.0,24.0,16.0,17.0,20.0,27.0,18.0,27.0,36.0,15.0,33.0,15.0,15.0,27.0,15.0,22.0,33.0,15.0,17.0,186.0
ko00710,14.0,14.0,10.0,12.0,16.0,14.0,12.0,10.0,11.0,13.0,13.0,12.0,13.0,20.0,10.0,19.0,11.0,11.0,13.0,11.0,13.0,21.0,11.0,11.0,36.0
ko00720,28.0,28.0,20.0,30.0,23.0,17.0,27.0,13.0,17.0,30.0,27.0,21.0,28.0,31.0,15.0,36.0,24.0,13.0,28.0,24.0,26.0,31.0,13.0,17.0,103.0
ko00730,12.0,14.0,13.0,14.0,13.0,12.0,11.0,5.0,11.0,7.0,13.0,12.0,14.0,11.0,9.0,22.0,12.0,5.0,14.0,12.0,13.0,22.0,5.0,10.0,35.0
ko00740,11.0,12.0,3.0,9.0,13.0,12.0,9.0,5.0,9.0,8.0,11.0,13.0,12.0,16.0,3.0,16.0,8.0,5.0,12.0,8.0,9.0,17.0,5.0,9.0,46.0
ko00750,4.0,8.0,5.0,7.0,5.0,3.0,5.0,3.0,3.0,4.0,7.0,5.0,8.0,7.0,3.0,8.0,6.0,3.0,8.0,6.0,7.0,9.0,3.0,3.0,23.0
ko00760,14.0,22.0,16.0,18.0,16.0,16.0,23.0,14.0,14.0,20.0,19.0,21.0,22.0,30.0,14.0,29.0,20.0,14.0,22.0,20.0,18.0,29.0,14.0,14.0,89.0
ko00770,12.0,19.0,13.0,16.0,16.0,16.0,17.0,10.0,11.0,12.0,16.0,17.0,19.0,21.0,10.0,20.0,20.0,10.0,19.0,20.0,20.0,22.0,10.0,11.0,38.0
ko00780,8.0,14.0,5.0,11.0,11.0,10.0,12.0,4.0,5.0,4.0,11.0,10.0,14.0,13.0,5.0,14.0,13.0,4.0,14.0,13.0,11.0,13.0,4.0,5.0,23.0
ko00785,2.0,2.0,2.0,2.0,2.0,2.0,2.0,1.0,1.0,2.0,3.0,2.0,2.0,2.0,1.0,3.0,3.0,1.0,2.0,3.0,2.0,3.0,1.0,1.0,4.0
ko00790,28.0,36.0,14.0,36.0,22.0,24.0,31.0,7.0,24.0,16.0,31.0,24.0,36.0,28.0,19.0,35.0,23.0,7.0,35.0,24.0,33.0,29.0,7.0,24.0,80.0
ko00791,2.0,6.0,0.0,0.0,2.0,2.0,0.0,0.0,0.0,0.0,6.0,2.0,6.0,8.0,0.0,6.0,0.0,0.0,6.0,0.0,2.0,9.0,0.0,0.0,15.0
ko00830,2.0,2.0,3.0,3.0,2.0,1.0,1.0,3.0,1.0,2.0,2.0,3.0,2.0,4.0,1.0,7.0,2.0,2.0,2.0,2.0,3.0,7.0,2.0,1.0,48.0
ko00860,41.0,47.0,5.0,27.0,35.0,27.0,24.0,1.0,3.0,11.0,48.0,38.0,47.0,64.0,3.0,57.0,18.0,1.0,47.0,18.0,28.0,39.0,1.0,3.0,129.0
ko00900,13.0,16.0,19.0,16.0,14.0,13.0,17.0,14.0,17.0,15.0,17.0,9.0,16.0,18.0,11.0,34.0,16.0,14.0,16.0,18.0,16.0,30.0,14.0,18.0,58.0
ko00901,0.0,0.0,0.0,0.0,1.0,1.0,0.0,0.0,0.0,0.0,0.0,1.0,0.0,2.0,0.0,2.0,0.0,0.0,0.0,0.0,0.0,4.0,0.0,0.0,28.0
ko00902,1.0,0.0,0.0,0.0,0.0,0.0,0.0,0.0,0.0,0.0,0.0,0.0,0.0,0.0,0.0,0.0,0.0,0.0,0.0,0.0,0.0,0.0,0.0,0.0,36.0
ko00903,3.0,4.0,2.0,3.0,4.0,1.0,3.0,1.0,1.0,2.0,5.0,4.0,4.0,4.0,1.0,2.0,3.0,1.0,4.0,3.0,4.0,1.0,1.0,1.0,12.0
ko00906,7.0,0.0,0.0,0.0,2.0,6.0,1.0,5.0,5.0,4.0,7.0,5.0,0.0,8.0,5.0,4.0,1.0,5.0,0.0,1.0,0.0,5.0,5.0,5.0,49.0
ko00908,0.0,1.0,1.0,1.0,1.0,1.0,1.0,1.0,1.0,1.0,1.0,0.0,1.0,1.0,1.0,3.0,1.0,1.0,1.0,1.0,1.0,1.0,1.0,1.0,8.0
ko00909,0.0,0.0,0.0,0.0,2.0,2.0,1.0,0.0,0.0,0.0,0.0,2.0,0.0,2.0,0.0,4.0,0.0,0.0,0.0,0.0,0.0,4.0,0.0,0.0,73.0
ko00910,13.0,17.0,9.0,28.0,17.0,11.0,18.0,3.0,8.0,8.0,20.0,12.0,17.0,31.0,5.0,25.0,10.0,3.0,17.0,10.0,16.0,26.0,2.0,8.0,65.0
ko00920,25.0,28.0,6.0,26.0,26.0,20.0,19.0,9.0,9.0,7.0,29.0,23.0,28.0,43.0,8.0,27.0,16.0,9.0,28.0,18.0,16.0,29.0,9.0,9.0,103.0
ko00930,4.0,6.0,1.0,4.0,6.0,3.0,3.0,0.0,0.0,3.0,8.0,5.0,6.0,9.0,0.0,7.0,7.0,0.0,6.0,6.0,4.0,5.0,0.0,0.0,22.0
ko00940,3.0,3.0,1.0,2.0,3.0,1.0,3.0,2.0,1.0,3.0,3.0,3.0,3.0,3.0,1.0,9.0,2.0,2.0,3.0,2.0,5.0,7.0,2.0,1.0,35.0
ko00941,0.0,0.0,0.0,0.0,0.0,0.0,1.0,0.0,0.0,1.0,0.0,1.0,0.0,0.0,0.0,1.0,1.0,0.0,0.0,1.0,0.0,0.0,0.0,0.0,26.0
ko00944,0.0,0.0,0.0,0.0,0.0,0.0,0.0,0.0,0.0,0.0,0.0,0.0,0.0,0.0,0.0,2.0,0.0,0.0,0.0,0.0,0.0,1.0,0.0,0.0,15.0
ko00945,0.0,0.0,0.0,0.0,0.0,0.0,1.0,0.0,0.0,1.0,0.0,1.0,0.0,0.0,0.0,0.0,1.0,0.0,0.0,1.0,0.0,0.0,0.0,0.0,12.0
ko00950,1.0,3.0,2.0,3.0,3.0,3.0,3.0,0.0,2.0,1.0,4.0,4.0,3.0,6.0,2.0,9.0,4.0,0.0,3.0,4.0,3.0,9.0,0.0,2.0,61.0
ko00960,3.0,6.0,3.0,6.0,3.0,3.0,6.0,0.0,3.0,2.0,6.0,4.0,5.0,7.0,3.0,7.0,5.0,0.0,5.0,5.0,5.0,6.0,0.0,3.0,26.0
ko00965,0.0,1.0,0.0,1.0,1.0,1.0,1.0,0.0,0.0,1.0,1.0,1.0,1.0,2.0,0.0,3.0,1.0,0.0,1.0,1.0,1.0,4.0,0.0,0.0,7.0
ko00966,1.0,1.0,1.0,1.0,1.0,1.0,1.0,1.0,0.0,0.0,1.0,0.0,1.0,1.0,0.0,1.0,1.0,1.0,1.0,1.0,1.0,1.0,1.0,0.0,20.0
ko00970,24.0,27.0,26.0,28.0,25.0,26.0,28.0,27.0,27.0,24.0,26.0,25.0,27.0,27.0,26.0,27.0,26.0,27.0,27.0,26.0,23.0,28.0,27.0,27.0,65.0
ko00980,4.0,4.0,3.0,4.0,4.0,3.0,2.0,4.0,2.0,3.0,3.0,5.0,4.0,5.0,3.0,10.0,3.0,3.0,4.0,3.0,4.0,9.0,3.0,2.0,33.0
ko00981,1.0,1.0,1.0,0.0,1.0,1.0,1.0,1.0,1.0,1.0,1.0,1.0,1.0,1.0,1.0,2.0,1.0,1.0,1.0,1.0,1.0,2.0,1.0,1.0,18.0
ko00982,3.0,4.0,3.0,4.0,3.0,2.0,2.0,4.0,2.0,3.0,4.0,5.0,4.0,5.0,2.0,9.0,4.0,2.0,4.0,3.0,4.0,8.0,2.0,2.0,24.0
ko00983,10.0,9.0,10.0,9.0,9.0,9.0,10.0,10.0,9.0,14.0,9.0,11.0,9.0,11.0,8.0,21.0,12.0,9.0,9.0,12.0,11.0,23.0,9.0,9.0,31.0
ko00984,1.0,2.0,0.0,2.0,3.0,2.0,0.0,0.0,1.0,1.0,2.0,2.0,2.0,4.0,1.0,3.0,1.0,0.0,2.0,1.0,0.0,1.0,0.0,1.0,15.0
ko00999,1.0,1.0,3.0,1.0,3.0,3.0,2.0,2.0,3.0,2.0,1.0,5.0,1.0,3.0,3.0,4.0,2.0,2.0,1.0,3.0,1.0,1.0,2.0,3.0,62.0
ko01040,3.0,4.0,1.0,3.0,1.0,1.0,3.0,0.0,1.0,3.0,4.0,1.0,4.0,4.0,1.0,15.0,3.0,0.0,4.0,3.0,3.0,12.0,0.0,1.0,32.0
ko01051,2.0,2.0,0.0,2.0,2.0,2.0,3.0,0.0,1.0,2.0,2.0,3.0,2.0,4.0,1.0,2.0,2.0,1.0,2.0,2.0,2.0,2.0,1.0,1.0,32.0
ko01052,0.0,0.0,0.0,0.0,1.0,0.0,1.0,0.0,0.0,0.0,0.0,1.0,0.0,2.0,0.0,1.0,0.0,0.0,0.0,0.0,0.0,1.0,0.0,0.0,115.0
ko01053,1.0,4.0,0.0,13.0,1.0,1.0,1.0,1.0,1.0,3.0,7.0,3.0,4.0,2.0,1.0,7.0,0.0,1.0,4.0,0.0,5.0,10.0,1.0,1.0,30.0
ko01054,0.0,2.0,1.0,1.0,0.0,0.0,1.0,2.0,1.0,0.0,1.0,1.0,2.0,2.0,1.0,0.0,0.0,2.0,2.0,0.0,1.0,0.0,2.0,1.0,54.0
ko01055,0.0,1.0,1.0,1.0,1.0,1.0,2.0,1.0,1.0,2.0,1.0,1.0,1.0,3.0,1.0,1.0,1.0,1.0,1.0,1.0,0.0,1.0,1.0,1.0,29.0
ko01056,0.0,0.0,0.0,0.0,0.0,0.0,0.0,0.0,0.0,0.0,0.0,0.0,0.0,1.0,0.0,0.0,0.0,0.0,0.0,0.0,0.0,0.0,0.0,0.0,9.0
ko01057,0.0,0.0,0.0,0.0,0.0,1.0,0.0,0.0,0.0,0.0,0.0,2.0,0.0,2.0,0.0,1.0,0.0,0.0,0.0,0.0,0.0,1.0,0.0,0.0,72.0
ko01059,0.0,0.0,0.0,0.0,0.0,0.0,0.0,0.0,0.0,0.0,0.0,0.0,0.0,0.0,0.0,0.0,0.0,0.0,0.0,0.0,0.0,1.0,0.0,0.0,73.0
ko01100,559.0,806.0,442.0,659.0,600.0,567.0,593.0,339.0,446.0,489.0,751.0,625.0,782.0,823.0,387.0,1120.0,648.0,341.0,765.0,661.0,645.0,1053.0,334.0,452.0,1291.0
ko01110,259.0,310.0,201.0,286.0,267.0,241.0,263.0,143.0,205.0,236.0,313.0,251.0,309.0,334.0,174.0,437.0,278.0,140.0,306.0,286.0,287.0,422.0,139.0,208.0,307.0
ko01120,172.0,241.0,123.0,225.0,190.0,175.0,167.0,99.0,125.0,148.0,242.0,201.0,236.0,348.0,115.0,296.0,177.0,102.0,234.0,181.0,171.0,299.0,100.0,125.0,483.0
ko01130,183.0,223.0,159.0,212.0,194.0,179.0,192.0,109.0,153.0,171.0,220.0,192.0,221.0,235.0,137.0,309.0,205.0,108.0,220.0,212.0,201.0,310.0,107.0,154.0,326.0
ko01200,84.0,106.0,63.0,101.0,89.0,72.0,90.0,49.0,59.0,79.0,98.0,82.0,102.0,116.0,52.0,138.0,86.0,49.0,102.0,87.0,93.0,126.0,48.0,59.0,306.0
ko01210,22.0,29.0,22.0,28.0,25.0,22.0,26.0,10.0,13.0,15.0,29.0,20.0,29.0,24.0,13.0,35.0,26.0,10.0,29.0,26.0,28.0,39.0,10.0,13.0,58.0
ko01212,17.0,27.0,11.0,23.0,19.0,16.0,22.0,12.0,14.0,20.0,25.0,17.0,27.0,24.0,11.0,40.0,27.0,12.0,27.0,26.0,26.0,38.0,12.0,14.0,61.0
ko01220,11.0,20.0,14.0,21.0,6.0,10.0,7.0,11.0,12.0,7.0,15.0,28.0,20.0,57.0,11.0,22.0,12.0,12.0,20.0,12.0,8.0,25.0,11.0,12.0,138.0
ko01230,104.0,134.0,116.0,121.0,115.0,111.0,118.0,64.0,101.0,99.0,129.0,103.0,133.0,119.0,83.0,152.0,118.0,64.0,132.0,123.0,123.0,152.0,63.0,101.0,199.0
ko01501,14.0,23.0,18.0,18.0,22.0,23.0,19.0,15.0,19.0,8.0,24.0,28.0,24.0,33.0,15.0,17.0,21.0,14.0,24.0,21.0,24.0,16.0,14.0,18.0,39.0
ko01502,6.0,5.0,6.0,6.0,5.0,5.0,6.0,7.0,7.0,6.0,5.0,4.0,5.0,5.0,7.0,6.0,8.0,6.0,5.0,8.0,7.0,4.0,6.0,7.0,16.0
ko01503,9.0,29.0,8.0,13.0,13.0,11.0,13.0,7.0,8.0,9.0,26.0,10.0,29.0,12.0,8.0,11.0,20.0,7.0,29.0,20.0,23.0,20.0,7.0,8.0,31.0
ko01521,0.0,0.0,0.0,0.0,0.0,0.0,1.0,0.0,0.0,0.0,0.0,0.0,0.0,1.0,0.0,9.0,0.0,0.0,0.0,1.0,0.0,8.0,0.0,0.0,
ko01522,0.0,0.0,0.0,0.0,0.0,0.0,1.0,0.0,0.0,0.0,0.0,0.0,0.0,1.0,0.0,11.0,0.0,0.0,0.0,1.0,0.0,10.0,0.0,0.0,
ko01523,4.0,5.0,5.0,5.0,2.0,4.0,5.0,4.0,5.0,5.0,5.0,4.0,5.0,5.0,4.0,9.0,5.0,4.0,5.0,5.0,5.0,8.0,4.0,5.0,
ko01524,2.0,3.0,1.0,3.0,2.0,3.0,3.0,2.0,1.0,3.0,2.0,2.0,3.0,3.0,1.0,16.0,2.0,1.0,3.0,2.0,2.0,16.0,1.0,1.0,
ko02010,39.0,185.0,91.0,105.0,115.0,59.0,103.0,64.0,99.0,34.0,174.0,102.0,187.0,167.0,101.0,131.0,54.0,66.0,184.0,49.0,49.0,125.0,66.0,101.0,493.0
ko02020,84.0,155.0,42.0,137.0,85.0,77.0,96.0,38.0,61.0,40.0,164.0,88.0,155.0,130.0,55.0,101.0,110.0,38.0,154.0,110.0,138.0,102.0,37.0,61.0,481.0
ko02024,31.0,49.0,36.0,38.0,41.0,47.0,46.0,24.0,40.0,19.0,53.0,46.0,51.0,61.0,39.0,47.0,33.0,25.0,49.0,39.0,43.0,48.0,24.0,41.0,282.0
ko02025,10.0,36.0,2.0,26.0,14.0,9.0,9.0,0.0,2.0,6.0,34.0,15.0,36.0,10.0,2.0,10.0,22.0,0.0,35.0,25.0,24.0,17.0,0.0,2.0,90.0
ko02026,12.0,21.0,5.0,20.0,17.0,14.0,12.0,3.0,9.0,8.0,24.0,19.0,21.0,13.0,8.0,15.0,13.0,5.0,21.0,14.0,22.0,18.0,4.0,9.0,61.0
ko02030,12.0,21.0,0.0,19.0,12.0,11.0,19.0,0.0,0.0,4.0,21.0,18.0,21.0,19.0,0.0,13.0,7.0,0.0,21.0,6.0,20.0,12.0,0.0,0.0,26.0
ko02040,28.0,34.0,0.0,34.0,24.0,24.0,33.0,0.0,0.0,1.0,36.0,22.0,34.0,31.0,0.0,11.0,5.0,0.0,34.0,1.0,34.0,31.0,0.0,0.0,40.0
ko02060,12.0,8.0,26.0,6.0,24.0,13.0,5.0,29.0,44.0,22.0,6.0,16.0,8.0,9.0,41.0,40.0,7.0,32.0,8.0,6.0,5.0,19.0,32.0,44.0,91.0
ko03008,0.0,3.0,1.0,3.0,2.0,1.0,2.0,1.0,1.0,2.0,3.0,2.0,3.0,1.0,1.0,63.0,3.0,1.0,3.0,3.0,3.0,66.0,1.0,1.0,82.0
ko03010,49.0,43.0,51.0,49.0,49.0,53.0,53.0,51.0,50.0,52.0,49.0,38.0,52.0,53.0,44.0,96.0,53.0,51.0,51.0,53.0,53.0,101.0,51.0,52.0,143.0
ko03013,1.0,4.0,2.0,3.0,1.0,1.0,1.0,2.0,2.0,4.0,2.0,1.0,4.0,5.0,1.0,82.0,1.0,2.0,4.0,1.0,2.0,87.0,2.0,2.0,138.0
ko03015,0.0,1.0,0.0,0.0,0.0,0.0,0.0,0.0,0.0,0.0,0.0,0.0,1.0,1.0,0.0,45.0,1.0,0.0,2.0,1.0,0.0,47.0,0.0,0.0,59.0
ko03018,15.0,15.0,11.0,16.0,17.0,13.0,15.0,9.0,13.0,15.0,17.0,13.0,16.0,16.0,12.0,62.0,17.0,9.0,16.0,17.0,16.0,66.0,9.0,13.0,79.0
ko03020,5.0,4.0,6.0,4.0,5.0,4.0,4.0,5.0,7.0,4.0,4.0,3.0,5.0,5.0,6.0,26.0,5.0,5.0,5.0,5.0,5.0,31.0,6.0,7.0,51.0
ko03022,1.0,1.0,1.0,1.0,0.0,0.0,0.0,0.0,1.0,0.0,1.0,0.0,2.0,0.0,1.0,28.0,0.0,0.0,1.0,1.0,0.0,30.0,0.0,1.0,35.0
ko03030,15.0,16.0,14.0,16.0,15.0,13.0,15.0,14.0,14.0,15.0,14.0,16.0,16.0,15.0,14.0,41.0,15.0,14.0,15.0,15.0,16.0,41.0,14.0,14.0,60.0
ko03040,1.0,0.0,0.0,0.0,0.0,0.0,0.0,0.0,0.0,0.0,0.0,1.0,0.0,0.0,1.0,84.0,0.0,0.0,0.0,0.0,0.0,95.0,0.0,0.0,122.0
ko03050,0.0,0.0,0.0,0.0,0.0,0.0,1.0,0.0,0.0,0.0,0.0,0.0,0.0,0.0,0.0,36.0,0.0,0.0,0.0,0.0,0.0,36.0,0.0,0.0,48.0
ko03060,15.0,15.0,10.0,17.0,15.0,15.0,17.0,7.0,11.0,15.0,18.0,15.0,17.0,18.0,10.0,30.0,17.0,8.0,17.0,17.0,18.0,34.0,7.0,11.0,39.0
ko03070,34.0,45.0,10.0,34.0,24.0,32.0,19.0,7.0,11.0,14.0,48.0,27.0,54.0,42.0,10.0,27.0,34.0,8.0,49.0,41.0,34.0,26.0,7.0,11.0,74.0
ko03320,3.0,4.0,1.0,3.0,2.0,3.0,4.0,1.0,3.0,3.0,5.0,4.0,4.0,3.0,2.0,12.0,4.0,1.0,4.0,5.0,4.0,11.0,1.0,3.0,61.0
ko03410,9.0,12.0,10.0,13.0,6.0,8.0,10.0,8.0,11.0,10.0,13.0,12.0,12.0,13.0,10.0,29.0,13.0,8.0,12.0,12.0,12.0,29.0,8.0,11.0,42.0
ko03420,8.0,9.0,8.0,9.0,7.0,7.0,7.0,7.0,8.0,8.0,8.0,9.0,9.0,8.0,8.0,40.0,7.0,7.0,9.0,7.0,8.0,41.0,7.0,8.0,47.0
ko03430,16.0,18.0,16.0,18.0,20.0,14.0,16.0,14.0,17.0,16.0,16.0,16.0,18.0,17.0,15.0,31.0,18.0,14.0,18.0,17.0,20.0,35.0,14.0,17.0,44.0
ko03440,17.0,23.0,19.0,23.0,22.0,18.0,23.0,19.0,19.0,21.0,19.0,19.0,23.0,19.0,20.0,40.0,23.0,19.0,23.0,23.0,24.0,42.0,19.0,19.0,72.0
ko03450,2.0,2.0,0.0,2.0,0.0,0.0,1.0,0.0,0.0,0.0,2.0,0.0,2.0,2.0,0.0,10.0,0.0,0.0,2.0,0.0,0.0,11.0,0.0,0.0,19.0
ko03460,0.0,0.0,0.0,0.0,0.0,0.0,0.0,0.0,0.0,0.0,0.0,0.0,0.0,0.0,0.0,21.0,0.0,0.0,0.0,0.0,0.0,23.0,0.0,0.0,54.0
ko04010,0.0,0.0,0.0,0.0,0.0,0.0,1.0,0.0,0.0,0.0,0.0,0.0,0.0,1.0,0.0,29.0,0.0,0.0,0.0,1.0,0.0,25.0,0.0,0.0,235.0
ko04011,1.0,2.0,0.0,1.0,2.0,1.0,1.0,0.0,1.0,1.0,3.0,2.0,2.0,1.0,1.0,65.0,1.0,0.0,2.0,1.0,1.0,67.0,0.0,1.0,90.0
ko04012,0.0,0.0,0.0,0.0,0.0,0.0,1.0,0.0,0.0,0.0,0.0,0.0,0.0,1.0,0.0,12.0,0.0,0.0,0.0,1.0,0.0,11.0,0.0,0.0,69.0
ko04013,1.0,1.0,1.0,1.0,1.0,1.0,2.0,0.0,0.0,1.0,1.0,0.0,1.0,2.0,0.0,16.0,1.0,0.0,1.0,2.0,1.0,16.0,0.0,0.0,84.0
ko04014,1.0,0.0,0.0,0.0,0.0,0.0,1.0,0.0,0.0,0.0,0.0,0.0,0.0,1.0,0.0,24.0,0.0,0.0,0.0,1.0,0.0,24.0,0.0,0.0,180.0
ko04015,0.0,0.0,0.0,0.0,0.0,0.0,1.0,0.0,0.0,0.0,0.0,0.0,0.0,0.0,0.0,16.0,0.0,0.0,0.0,0.0,0.0,16.0,0.0,0.0,159.0
ko04016,2.0,3.0,1.0,3.0,2.0,3.0,3.0,1.0,3.0,3.0,3.0,3.0,3.0,3.0,3.0,7.0,3.0,1.0,3.0,3.0,3.0,5.0,1.0,3.0,54.0
ko04020,0.0,0.0,0.0,0.0,1.0,1.0,0.0,0.0,0.0,0.0,0.0,0.0,0.0,0.0,0.0,20.0,0.0,0.0,0.0,0.0,0.0,19.0,0.0,0.0,146.0
ko04022,0.0,0.0,1.0,0.0,1.0,1.0,0.0,1.0,0.0,0.0,0.0,0.0,0.0,0.0,0.0,20.0,0.0,1.0,0.0,0.0,0.0,17.0,1.0,0.0,120.0
ko04024,1.0,0.0,1.0,0.0,0.0,0.0,0.0,1.0,0.0,0.0,0.0,0.0,0.0,1.0,0.0,21.0,0.0,1.0,0.0,0.0,0.0,21.0,1.0,0.0,160.0
ko04060,0.0,0.0,0.0,0.0,0.0,0.0,0.0,0.0,0.0,0.0,0.0,0.0,0.0,0.0,0.0,1.0,0.0,0.0,0.0,0.0,0.0,2.0,0.0,0.0,271.0
ko04062,0.0,0.0,0.0,0.0,0.0,1.0,1.0,0.0,0.0,0.0,0.0,0.0,0.0,1.0,0.0,19.0,1.0,0.0,0.0,2.0,0.0,18.0,0.0,0.0,159.0
ko04064,0.0,0.0,0.0,0.0,0.0,0.0,0.0,0.0,0.0,0.0,0.0,0.0,0.0,0.0,0.0,7.0,0.0,0.0,0.0,0.0,0.0,5.0,0.0,0.0,89.0
ko04066,4.0,3.0,4.0,4.0,4.0,4.0,2.0,4.0,3.0,4.0,2.0,5.0,3.0,5.0,4.0,15.0,4.0,4.0,3.0,4.0,3.0,14.0,4.0,3.0,72.0
ko04068,3.0,3.0,1.0,2.0,1.0,2.0,3.0,0.0,1.0,2.0,3.0,2.0,3.0,3.0,1.0,17.0,2.0,0.0,3.0,3.0,2.0,18.0,0.0,1.0,102.0
ko04070,1.0,3.0,3.0,3.0,3.0,2.0,3.0,2.0,2.0,2.0,3.0,2.0,3.0,3.0,3.0,19.0,3.0,2.0,3.0,3.0,3.0,16.0,2.0,3.0,55.0
ko04071,2.0,1.0,0.0,0.0,1.0,1.0,1.0,0.0,0.0,0.0,0.0,1.0,0.0,0.0,0.0,26.0,0.0,0.0,0.0,0.0,0.0,26.0,0.0,0.0,79.0
ko04072,1.0,1.0,1.0,1.0,1.0,0.0,2.0,1.0,1.0,1.0,1.0,0.0,1.0,3.0,1.0,17.0,1.0,1.0,1.0,2.0,1.0,19.0,1.0,1.0,104.0
ko04075,0.0,0.0,0.0,0.0,0.0,0.0,0.0,0.0,0.0,0.0,1.0,0.0,0.0,0.0,0.0,5.0,0.0,0.0,0.0,0.0,0.0,2.0,0.0,0.0,45.0
ko04080,1.0,1.0,0.0,0.0,0.0,1.0,0.0,0.0,1.0,0.0,1.0,0.0,1.0,1.0,1.0,5.0,1.0,0.0,1.0,2.0,0.0,9.0,0.0,1.0,304.0
ko04110,0.0,0.0,0.0,0.0,0.0,0.0,1.0,0.0,0.0,0.0,0.0,0.0,1.0,1.0,0.0,56.0,0.0,0.0,1.0,0.0,0.0,57.0,0.0,0.0,109.0
ko04111,0.0,0.0,0.0,0.0,0.0,0.0,1.0,0.0,0.0,0.0,0.0,1.0,1.0,1.0,0.0,90.0,0.0,0.0,1.0,0.0,0.0,92.0,0.0,0.0,122.0
ko04112,19.0,17.0,10.0,14.0,14.0,15.0,14.0,10.0,10.0,12.0,15.0,13.0,17.0,28.0,10.0,16.0,11.0,9.0,17.0,11.0,15.0,11.0,10.0,10.0,31.0
ko04113,2.0,0.0,1.0,1.0,2.0,2.0,2.0,1.0,1.0,0.0,0.0,3.0,1.0,3.0,1.0,66.0,2.0,1.0,1.0,2.0,1.0,67.0,1.0,1.0,99.0
ko04114,0.0,0.0,0.0,0.0,0.0,0.0,0.0,0.0,0.0,0.0,0.0,0.0,1.0,1.0,0.0,37.0,0.0,0.0,1.0,0.0,0.0,37.0,0.0,0.0,78.0
ko04115,1.0,1.0,0.0,1.0,0.0,1.0,1.0,0.0,0.0,1.0,0.0,0.0,1.0,1.0,0.0,11.0,0.0,0.0,1.0,0.0,0.0,8.0,0.0,0.0,66.0
ko04120,0.0,0.0,0.0,0.0,0.0,0.0,0.0,0.0,0.0,0.0,0.0,0.0,0.0,1.0,0.0,61.0,0.0,0.0,1.0,0.0,0.0,63.0,0.0,0.0,127.0
ko04122,9.0,17.0,5.0,17.0,13.0,9.0,12.0,1.0,9.0,4.0,10.0,11.0,17.0,11.0,7.0,13.0,5.0,1.0,17.0,5.0,15.0,20.0,1.0,9.0,28.0
ko04130,0.0,0.0,0.0,0.0,0.0,0.0,0.0,0.0,0.0,0.0,0.0,1.0,0.0,0.0,0.0,17.0,0.0,0.0,0.0,0.0,0.0,19.0,0.0,0.0,35.0
ko04136,0.0,0.0,0.0,0.0,0.0,0.0,0.0,0.0,0.0,0.0,0.0,0.0,0.0,0.0,0.0,18.0,0.0,0.0,0.0,1.0,0.0,19.0,0.0,0.0,23.0
ko04137,0.0,0.0,0.0,0.0,0.0,0.0,2.0,0.0,0.0,0.0,0.0,0.0,0.0,0.0,0.0,14.0,0.0,0.0,0.0,0.0,0.0,15.0,0.0,0.0,57.0
ko04138,1.0,1.0,0.0,1.0,1.0,1.0,1.0,0.0,1.0,1.0,1.0,2.0,0.0,1.0,1.0,46.0,1.0,0.0,0.0,2.0,0.0,48.0,0.0,1.0,77.0
ko04139,0.0,1.0,0.0,0.0,0.0,0.0,1.0,0.0,0.0,0.0,2.0,0.0,1.0,0.0,0.0,30.0,0.0,0.0,1.0,0.0,0.0,33.0,0.0,0.0,34.0
ko04140,0.0,0.0,0.0,0.0,0.0,0.0,1.0,0.0,0.0,0.0,0.0,0.0,0.0,0.0,0.0,34.0,0.0,0.0,0.0,2.0,0.0,35.0,0.0,0.0,100.0
ko04141,0.0,3.0,1.0,2.0,1.0,2.0,2.0,1.0,1.0,1.0,3.0,2.0,2.0,2.0,2.0,70.0,2.0,1.0,2.0,4.0,1.0,74.0,1.0,1.0,140.0
ko04142,4.0,0.0,1.0,0.0,2.0,1.0,0.0,1.0,0.0,4.0,0.0,2.0,0.0,1.0,0.0,28.0,4.0,1.0,1.0,4.0,2.0,30.0,1.0,0.0,103.0
ko04144,1.0,0.0,0.0,0.0,0.0,1.0,0.0,0.0,0.0,0.0,0.0,0.0,0.0,3.0,0.0,61.0,1.0,0.0,2.0,1.0,0.0,68.0,0.0,0.0,164.0
ko04145,0.0,0.0,0.0,0.0,0.0,0.0,0.0,0.0,0.0,0.0,0.0,0.0,0.0,0.0,0.0,29.0,0.0,0.0,0.0,0.0,0.0,33.0,0.0,0.0,95.0
ko04146,5.0,8.0,4.0,8.0,6.0,6.0,7.0,2.0,5.0,6.0,6.0,6.0,8.0,10.0,4.0,48.0,6.0,2.0,9.0,6.0,6.0,50.0,2.0,5.0,73.0
ko04150,0.0,0.0,0.0,0.0,0.0,0.0,1.0,0.0,0.0,0.0,0.0,0.0,0.0,1.0,0.0,30.0,0.0,0.0,0.0,1.0,0.0,29.0,0.0,0.0,116.0
ko04151,0.0,1.0,0.0,1.0,1.0,1.0,2.0,0.0,0.0,0.0,2.0,2.0,1.0,2.0,0.0,34.0,1.0,0.0,1.0,2.0,1.0,31.0,0.0,0.0,261.0
ko04152,1.0,2.0,1.0,1.0,0.0,0.0,2.0,1.0,2.0,4.0,3.0,1.0,2.0,2.0,2.0,24.0,3.0,1.0,2.0,5.0,2.0,26.0,1.0,2.0,84.0
ko04210,1.0,2.0,0.0,1.0,1.0,2.0,2.0,0.0,0.0,1.0,1.0,0.0,2.0,2.0,0.0,14.0,0.0,0.0,2.0,0.0,0.0,15.0,0.0,0.0,109.0
ko04211,2.0,2.0,1.0,2.0,1.0,2.0,3.0,0.0,1.0,2.0,2.0,1.0,2.0,2.0,1.0,17.0,2.0,0.0,2.0,3.0,2.0,16.0,0.0,1.0,68.0
ko04212,5.0,6.0,4.0,5.0,4.0,5.0,6.0,3.0,4.0,6.0,6.0,3.0,6.0,5.0,4.0,17.0,6.0,3.0,6.0,6.0,6.0,18.0,3.0,4.0,55.0
ko04213,4.0,4.0,2.0,5.0,4.0,5.0,5.0,0.0,2.0,3.0,3.0,4.0,4.0,4.0,1.0,18.0,4.0,0.0,4.0,4.0,3.0,21.0,0.0,2.0,58.0
ko04214,3.0,3.0,1.0,2.0,1.0,3.0,3.0,0.0,1.0,2.0,2.0,1.0,3.0,3.0,1.0,17.0,2.0,0.0,3.0,2.0,1.0,16.0,0.0,1.0,56.0
ko04215,1.0,1.0,0.0,1.0,0.0,1.0,1.0,0.0,0.0,1.0,0.0,0.0,1.0,1.0,0.0,4.0,0.0,0.0,1.0,0.0,0.0,4.0,0.0,0.0,39.0
ko04216,2.0,3.0,0.0,1.0,1.0,1.0,1.0,2.0,2.0,2.0,1.0,3.0,3.0,3.0,2.0,9.0,1.0,2.0,3.0,1.0,2.0,10.0,2.0,2.0,33.0
ko04217,2.0,4.0,3.0,5.0,4.0,3.0,3.0,2.0,4.0,3.0,4.0,3.0,4.0,5.0,2.0,25.0,3.0,2.0,4.0,4.0,5.0,22.0,2.0,4.0,96.0
ko04218,0.0,0.0,0.0,0.0,0.0,0.0,1.0,0.0,0.0,0.0,0.0,0.0,0.0,0.0,0.0,32.0,0.0,0.0,0.0,0.0,0.0,25.0,0.0,0.0,116.0
ko04260,3.0,4.0,1.0,3.0,5.0,5.0,5.0,1.0,1.0,4.0,3.0,4.0,4.0,3.0,0.0,16.0,6.0,1.0,0.0,7.0,6.0,20.0,1.0,4.0,60.0
ko04261,0.0,0.0,1.0,0.0,0.0,0.0,0.0,1.0,0.0,0.0,0.0,0.0,0.0,0.0,0.0,19.0,0.0,1.0,0.0,0.0,0.0,19.0,1.0,0.0,93.0
ko04270,0.0,0.0,0.0,0.0,0.0,0.0,0.0,0.0,0.0,0.0,0.0,0.0,0.0,0.0,0.0,13.0,0.0,0.0,0.0,0.0,0.0,12.0,0.0,0.0,94.0
ko04310,0.0,0.0,0.0,0.0,0.0,0.0,0.0,0.0,0.0,0.0,0.0,0.0,1.0,0.0,0.0,19.0,1.0,0.0,1.0,1.0,0.0,21.0,0.0,0.0,116.0
ko04320,0.0,0.0,0.0,0.0,0.0,0.0,1.0,0.0,0.0,0.0,0.0,0.0,0.0,1.0,0.0,4.0,0.0,0.0,0.0,1.0,0.0,5.0,0.0,0.0,27.0
ko04330,0.0,0.0,0.0,0.0,0.0,0.0,0.0,0.0,0.0,0.0,0.0,0.0,0.0,0.0,0.0,4.0,0.0,0.0,0.0,0.0,0.0,5.0,0.0,0.0,31.0
ko04340,0.0,0.0,0.0,0.0,0.0,0.0,0.0,0.0,0.0,0.0,0.0,0.0,0.0,0.0,0.0,7.0,0.0,0.0,0.0,0.0,0.0,5.0,0.0,0.0,36.0
ko04341,0.0,0.0,0.0,0.0,0.0,0.0,0.0,0.0,0.0,0.0,0.0,0.0,0.0,0.0,0.0,7.0,0.0,0.0,0.0,0.0,0.0,6.0,0.0,0.0,24.0
ko04350,0.0,0.0,0.0,0.0,0.0,0.0,0.0,0.0,0.0,0.0,0.0,0.0,0.0,0.0,0.0,9.0,0.0,0.0,0.0,0.0,0.0,9.0,0.0,0.0,79.0
ko04360,0.0,0.0,0.0,0.0,0.0,0.0,1.0,0.0,0.0,0.0,0.0,0.0,0.0,0.0,0.0,16.0,0.0,0.0,0.0,0.0,0.0,15.0,0.0,0.0,127.0
ko04370,0.0,0.0,0.0,0.0,0.0,0.0,1.0,0.0,0.0,0.0,0.0,0.0,0.0,0.0,0.0,12.0,0.0,0.0,0.0,0.0,0.0,12.0,0.0,0.0,39.0
ko04371,0.0,0.0,0.0,0.0,0.0,0.0,1.0,0.0,0.0,0.0,0.0,0.0,0.0,2.0,0.0,18.0,0.0,0.0,0.0,0.0,0.0,20.0,0.0,0.0,103.0
ko04380,0.0,0.0,0.0,0.0,0.0,0.0,0.0,0.0,0.0,0.0,0.0,0.0,0.0,0.0,0.0,10.0,0.0,0.0,0.0,0.0,0.0,8.0,0.0,0.0,99.0
ko04390,0.0,0.0,0.0,0.0,0.0,0.0,0.0,0.0,0.0,0.0,0.0,0.0,0.0,0.0,0.0,14.0,0.0,0.0,0.0,0.0,0.0,13.0,0.0,0.0,111.0
ko04391,0.0,0.0,0.0,0.0,0.0,0.0,0.0,0.0,0.0,0.0,0.0,0.0,0.0,0.0,0.0,11.0,0.0,0.0,0.0,0.0,0.0,12.0,0.0,0.0,52.0
ko04392,0.0,0.0,0.0,0.0,0.0,0.0,0.0,0.0,0.0,0.0,0.0,0.0,0.0,0.0,0.0,8.0,0.0,0.0,0.0,0.0,0.0,5.0,0.0,0.0,25.0
ko04510,0.0,0.0,0.0,0.0,0.0,0.0,0.0,0.0,0.0,0.0,0.0,0.0,0.0,1.0,0.0,25.0,0.0,0.0,0.0,1.0,0.0,19.0,0.0,0.0,148.0
ko04512,0.0,0.0,0.0,0.0,0.0,0.0,0.0,0.0,0.0,0.0,0.0,0.0,0.0,0.0,0.0,2.0,0.0,0.0,0.0,0.0,0.0,2.0,0.0,0.0,60.0
ko04520,0.0,0.0,0.0,0.0,0.0,1.0,0.0,0.0,0.0,0.0,0.0,0.0,0.0,0.0,0.0,10.0,1.0,0.0,0.0,1.0,0.0,10.0,0.0,0.0,60.0
ko04530,0.0,0.0,0.0,0.0,0.0,1.0,0.0,0.0,0.0,0.0,0.0,0.0,0.0,0.0,0.0,24.0,1.0,0.0,0.0,1.0,0.0,24.0,0.0,0.0,101.0
ko04540,0.0,0.0,0.0,0.0,0.0,0.0,1.0,0.0,0.0,0.0,0.0,0.0,0.0,1.0,0.0,12.0,0.0,0.0,0.0,1.0,0.0,12.0,0.0,0.0,59.0
ko04550,0.0,0.0,0.0,0.0,0.0,0.0,1.0,0.0,0.0,0.0,0.0,0.0,0.0,1.0,0.0,7.0,0.0,0.0,0.0,0.0,0.0,10.0,0.0,0.0,111.0
ko04610,0.0,0.0,0.0,0.0,0.0,0.0,0.0,0.0,0.0,0.0,0.0,0.0,0.0,1.0,0.0,0.0,0.0,0.0,0.0,0.0,0.0,0.0,0.0,0.0,78.0
ko04611,0.0,0.0,0.0,0.0,0.0,0.0,0.0,0.0,0.0,0.0,0.0,0.0,0.0,0.0,0.0,15.0,0.0,0.0,0.0,0.0,0.0,15.0,0.0,0.0,90.0
ko04612,0.0,1.0,0.0,1.0,1.0,1.0,1.0,0.0,0.0,0.0,1.0,1.0,1.0,1.0,0.0,7.0,1.0,0.0,1.0,1.0,1.0,9.0,0.0,0.0,41.0
ko04614,3.0,1.0,1.0,1.0,1.0,2.0,1.0,1.0,1.0,1.0,2.0,2.0,1.0,1.0,0.0,3.0,2.0,0.0,1.0,2.0,3.0,2.0,0.0,1.0,22.0
ko04620,0.0,0.0,0.0,0.0,0.0,0.0,0.0,0.0,0.0,0.0,0.0,0.0,0.0,0.0,0.0,7.0,0.0,0.0,0.0,0.0,0.0,5.0,0.0,0.0,76.0
ko04621,2.0,3.0,1.0,3.0,2.0,3.0,3.0,2.0,1.0,1.0,3.0,3.0,3.0,3.0,1.0,17.0,3.0,2.0,3.0,3.0,3.0,15.0,2.0,1.0,139.0
ko04622,0.0,1.0,0.0,0.0,1.0,1.0,0.0,0.0,1.0,0.0,1.0,1.0,1.0,0.0,1.0,6.0,0.0,0.0,1.0,0.0,0.0,6.0,0.0,1.0,53.0
ko04623,0.0,0.0,0.0,0.0,0.0,0.0,0.0,0.0,0.0,0.0,0.0,0.0,0.0,0.0,0.0,13.0,0.0,0.0,0.0,0.0,0.0,14.0,0.0,0.0,51.0
ko04624,0.0,0.0,0.0,0.0,0.0,0.0,0.0,0.0,0.0,0.0,0.0,0.0,0.0,0.0,0.0,11.0,0.0,0.0,0.0,0.0,0.0,10.0,0.0,0.0,47.0
ko04625,0.0,0.0,0.0,0.0,0.0,0.0,1.0,0.0,0.0,0.0,0.0,0.0,0.0,0.0,0.0,12.0,0.0,0.0,0.0,0.0,0.0,10.0,0.0,0.0,82.0
ko04626,4.0,6.0,1.0,3.0,3.0,7.0,3.0,1.0,1.0,1.0,4.0,7.0,7.0,4.0,1.0,7.0,5.0,1.0,7.0,5.0,4.0,8.0,1.0,1.0,78.0
ko04630,0.0,0.0,0.0,0.0,0.0,0.0,0.0,0.0,0.0,0.0,0.0,0.0,0.0,1.0,0.0,8.0,0.0,0.0,0.0,1.0,0.0,5.0,0.0,0.0,138.0
ko04640,1.0,0.0,1.0,0.0,0.0,1.0,0.0,1.0,1.0,0.0,1.0,1.0,0.0,0.0,0.0,1.0,1.0,0.0,0.0,1.0,1.0,1.0,0.0,1.0,80.0
ko04650,0.0,0.0,0.0,0.0,0.0,0.0,1.0,0.0,0.0,0.0,0.0,0.0,0.0,1.0,0.0,8.0,0.0,0.0,0.0,1.0,0.0,8.0,0.0,0.0,81.0
ko04657,0.0,1.0,0.0,1.0,1.0,1.0,1.0,0.0,0.0,0.0,1.0,1.0,1.0,1.0,0.0,10.0,1.0,0.0,1.0,1.0,1.0,9.0,0.0,0.0,81.0
ko04658,0.0,0.0,0.0,0.0,0.0,0.0,0.0,0.0,0.0,0.0,0.0,0.0,0.0,0.0,0.0,10.0,0.0,0.0,0.0,0.0,0.0,6.0,0.0,0.0,67.0
ko04659,0.0,1.0,0.0,1.0,1.0,1.0,1.0,0.0,0.0,0.0,1.0,1.0,1.0,1.0,0.0,11.0,1.0,0.0,1.0,1.0,1.0,8.0,0.0,0.0,85.0
ko04660,0.0,0.0,0.0,0.0,0.0,0.0,1.0,0.0,0.0,0.0,0.0,0.0,0.0,1.0,0.0,14.0,0.0,0.0,0.0,1.0,0.0,13.0,0.0,0.0,85.0
ko04662,0.0,0.0,0.0,0.0,0.0,0.0,1.0,0.0,0.0,0.0,0.0,0.0,0.0,1.0,0.0,9.0,0.0,0.0,0.0,1.0,0.0,8.0,0.0,0.0,57.0
ko04664,0.0,0.0,0.0,0.0,0.0,0.0,1.0,0.0,0.0,0.0,0.0,0.0,0.0,1.0,0.0,10.0,0.0,0.0,0.0,1.0,0.0,10.0,0.0,0.0,47.0
ko04666,1.0,0.0,0.0,0.0,0.0,1.0,0.0,0.0,0.0,0.0,0.0,0.0,0.0,2.0,0.0,19.0,1.0,0.0,1.0,1.0,0.0,20.0,0.0,0.0,58.0
ko04668,0.0,0.0,0.0,0.0,0.0,0.0,0.0,0.0,0.0,0.0,0.0,0.0,0.0,0.0,0.0,9.0,0.0,0.0,0.0,0.0,0.0,8.0,0.0,0.0,90.0
ko04670,0.0,0.0,0.0,0.0,0.0,0.0,0.0,0.0,0.0,0.0,0.0,0.0,0.0,0.0,0.0,12.0,0.0,0.0,0.0,0.0,0.0,11.0,0.0,0.0,75.0
ko04710,0.0,0.0,0.0,0.0,0.0,0.0,0.0,0.0,0.0,0.0,0.0,0.0,0.0,0.0,0.0,6.0,0.0,0.0,0.0,0.0,0.0,6.0,0.0,0.0,24.0
ko04711,0.0,0.0,0.0,0.0,0.0,0.0,0.0,0.0,0.0,0.0,0.0,0.0,0.0,0.0,0.0,2.0,0.0,0.0,0.0,0.0,0.0,2.0,0.0,0.0,8.0
ko04712,0.0,0.0,0.0,0.0,0.0,1.0,0.0,0.0,0.0,0.0,0.0,0.0,0.0,0.0,0.0,3.0,0.0,0.0,0.0,0.0,0.0,2.0,0.0,0.0,27.0
ko04713,0.0,0.0,0.0,0.0,0.0,0.0,0.0,0.0,0.0,0.0,0.0,0.0,0.0,1.0,0.0,12.0,0.0,0.0,0.0,0.0,0.0,14.0,0.0,0.0,79.0
ko04714,9.0,18.0,0.0,7.0,14.0,13.0,12.0,1.0,2.0,7.0,7.0,6.0,14.0,11.0,1.0,81.0,19.0,1.0,2.0,22.0,16.0,91.0,1.0,7.0,187.0
ko04720,0.0,0.0,0.0,0.0,0.0,0.0,1.0,0.0,0.0,0.0,0.0,0.0,0.0,0.0,0.0,13.0,0.0,0.0,0.0,0.0,0.0,13.0,0.0,0.0,43.0
ko04721,0.0,0.0,0.0,1.0,0.0,1.0,0.0,0.0,0.0,0.0,1.0,1.0,0.0,1.0,0.0,23.0,1.0,0.0,0.0,1.0,0.0,22.0,0.0,0.0,54.0
ko04722,0.0,0.0,0.0,0.0,0.0,0.0,1.0,0.0,0.0,0.0,0.0,1.0,0.0,1.0,0.0,21.0,0.0,0.0,0.0,1.0,0.0,20.0,0.0,0.0,90.0
ko04723,2.0,8.0,0.0,0.0,7.0,4.0,1.0,0.0,0.0,0.0,1.0,1.0,6.0,3.0,0.0,36.0,7.0,0.0,0.0,8.0,5.0,33.0,0.0,0.0,119.0
ko04724,2.0,2.0,1.0,1.0,1.0,2.0,1.0,1.0,1.0,2.0,2.0,2.0,2.0,2.0,0.0,15.0,1.0,1.0,2.0,1.0,2.0,16.0,1.0,1.0,85.0
ko04725,0.0,0.0,0.0,0.0,0.0,0.0,1.0,0.0,0.0,0.0,0.0,0.0,0.0,0.0,0.0,14.0,0.0,0.0,0.0,0.0,0.0,11.0,0.0,0.0,90.0
ko04726,0.0,1.0,0.0,0.0,1.0,1.0,1.0,0.0,0.0,0.0,1.0,2.0,1.0,2.0,0.0,13.0,1.0,0.0,1.0,0.0,0.0,12.0,0.0,0.0,85.0
ko04727,1.0,2.0,1.0,2.0,1.0,3.0,1.0,1.0,2.0,2.0,3.0,3.0,2.0,3.0,1.0,15.0,2.0,1.0,2.0,2.0,3.0,16.0,1.0,2.0,68.0
ko04728,0.0,1.0,0.0,0.0,1.0,1.0,0.0,0.0,0.0,0.0,1.0,2.0,1.0,2.0,0.0,22.0,1.0,0.0,1.0,1.0,0.0,21.0,0.0,0.0,83.0
ko04730,0.0,0.0,0.0,0.0,0.0,0.0,1.0,0.0,0.0,0.0,0.0,0.0,0.0,0.0,0.0,9.0,0.0,0.0,0.0,0.0,0.0,8.0,0.0,0.0,45.0
ko04740,0.0,0.0,0.0,0.0,0.0,0.0,0.0,0.0,0.0,0.0,0.0,0.0,0.0,0.0,0.0,5.0,0.0,0.0,0.0,0.0,0.0,5.0,0.0,0.0,25.0
ko04742,0.0,0.0,0.0,0.0,0.0,0.0,0.0,0.0,0.0,0.0,0.0,0.0,0.0,0.0,0.0,3.0,0.0,0.0,0.0,0.0,0.0,2.0,0.0,0.0,40.0
ko04744,0.0,0.0,0.0,0.0,0.0,0.0,0.0,0.0,0.0,0.0,0.0,0.0,0.0,0.0,0.0,2.0,0.0,0.0,0.0,0.0,0.0,3.0,0.0,0.0,18.0
ko04745,0.0,0.0,0.0,0.0,0.0,0.0,0.0,0.0,0.0,0.0,0.0,0.0,0.0,0.0,0.0,5.0,0.0,0.0,0.0,0.0,0.0,4.0,0.0,0.0,18.0
ko04750,0.0,0.0,0.0,0.0,0.0,0.0,0.0,0.0,0.0,0.0,0.0,0.0,0.0,0.0,0.0,11.0,0.0,0.0,0.0,0.0,0.0,11.0,0.0,0.0,68.0
ko04810,0.0,0.0,0.0,0.0,0.0,1.0,1.0,0.0,0.0,0.0,0.0,0.0,0.0,1.0,0.0,24.0,1.0,0.0,0.0,2.0,0.0,22.0,0.0,0.0,160.0
ko04910,3.0,2.0,0.0,2.0,0.0,0.0,2.0,0.0,1.0,3.0,3.0,3.0,2.0,4.0,1.0,26.0,1.0,0.0,2.0,3.0,3.0,25.0,0.0,1.0,87.0
ko04911,0.0,0.0,1.0,0.0,0.0,0.0,0.0,1.0,0.0,0.0,0.0,0.0,0.0,0.0,0.0,9.0,0.0,1.0,0.0,0.0,0.0,10.0,1.0,0.0,68.0
ko04912,1.0,0.0,0.0,0.0,0.0,0.0,1.0,0.0,0.0,0.0,0.0,0.0,0.0,1.0,0.0,18.0,0.0,0.0,0.0,1.0,0.0,17.0,0.0,0.0,64.0
ko04913,0.0,0.0,0.0,0.0,0.0,0.0,0.0,0.0,0.0,0.0,0.0,0.0,0.0,0.0,0.0,5.0,0.0,0.0,0.0,0.0,0.0,6.0,0.0,0.0,39.0
ko04914,0.0,1.0,0.0,1.0,1.0,1.0,2.0,0.0,0.0,0.0,1.0,1.0,2.0,2.0,0.0,27.0,1.0,0.0,2.0,1.0,1.0,27.0,0.0,0.0,64.0
ko04915,0.0,1.0,0.0,1.0,1.0,1.0,2.0,0.0,0.0,0.0,1.0,1.0,1.0,2.0,0.0,12.0,1.0,0.0,1.0,2.0,1.0,13.0,0.0,0.0,77.0
ko04916,0.0,0.0,0.0,0.0,0.0,0.0,1.0,0.0,0.0,0.0,0.0,0.0,0.0,0.0,0.0,10.0,0.0,0.0,0.0,0.0,0.0,12.0,0.0,0.0,67.0
ko04917,0.0,0.0,1.0,0.0,0.0,1.0,1.0,1.0,1.0,1.0,0.0,0.0,0.0,1.0,1.0,11.0,0.0,1.0,0.0,2.0,0.0,7.0,1.0,1.0,57.0
ko04918,1.0,3.0,3.0,2.0,1.0,2.0,1.0,3.0,2.0,1.0,2.0,2.0,3.0,2.0,2.0,11.0,2.0,3.0,3.0,2.0,2.0,10.0,3.0,2.0,52.0
ko04919,1.0,1.0,1.0,0.0,1.0,1.0,1.0,1.0,0.0,0.0,1.0,1.0,1.0,1.0,0.0,25.0,1.0,1.0,1.0,1.0,0.0,21.0,1.0,0.0,88.0
ko04920,1.0,1.0,0.0,1.0,1.0,1.0,1.0,1.0,1.0,1.0,2.0,2.0,1.0,1.0,1.0,9.0,1.0,1.0,1.0,3.0,1.0,9.0,1.0,1.0,53.0
ko04921,0.0,0.0,0.0,0.0,0.0,0.0,1.0,0.0,0.0,0.0,0.0,0.0,0.0,0.0,0.0,25.0,0.0,0.0,0.0,2.0,0.0,23.0,0.0,0.0,112.0
ko04922,6.0,4.0,5.0,4.0,4.0,3.0,0.0,5.0,5.0,4.0,4.0,6.0,4.0,5.0,6.0,19.0,5.0,5.0,4.0,6.0,4.0,21.0,5.0,5.0,55.0
ko04923,0.0,0.0,0.0,0.0,0.0,0.0,0.0,0.0,0.0,0.0,0.0,0.0,0.0,0.0,0.0,7.0,0.0,0.0,0.0,0.0,0.0,7.0,0.0,0.0,46.0
ko04924,1.0,0.0,0.0,0.0,0.0,0.0,0.0,0.0,0.0,0.0,0.0,0.0,0.0,0.0,0.0,9.0,0.0,0.0,0.0,0.0,1.0,5.0,0.0,0.0,50.0
ko04925,0.0,0.0,1.0,0.0,0.0,0.0,0.0,1.0,0.0,0.0,0.0,0.0,0.0,0.0,0.0,14.0,0.0,1.0,0.0,0.0,0.0,13.0,1.0,0.0,65.0
ko04926,0.0,0.0,0.0,0.0,0.0,0.0,1.0,0.0,0.0,0.0,0.0,0.0,0.0,1.0,0.0,14.0,0.0,0.0,0.0,1.0,0.0,17.0,0.0,0.0,96.0
ko04927,0.0,0.0,0.0,0.0,0.0,0.0,0.0,0.0,0.0,0.0,0.0,0.0,0.0,0.0,0.0,7.0,0.0,0.0,0.0,0.0,0.0,6.0,0.0,0.0,54.0
ko04928,1.0,0.0,0.0,0.0,0.0,0.0,0.0,0.0,0.0,0.0,0.0,0.0,0.0,0.0,0.0,11.0,0.0,0.0,0.0,1.0,0.0,10.0,0.0,0.0,85.0
ko04930,1.0,1.0,1.0,1.0,1.0,1.0,0.0,1.0,1.0,1.0,1.0,1.0,1.0,1.0,1.0,7.0,1.0,1.0,1.0,1.0,1.0,7.0,1.0,1.0,37.0
ko04931,2.0,2.0,1.0,2.0,1.0,1.0,1.0,1.0,2.0,2.0,3.0,3.0,2.0,2.0,2.0,18.0,1.0,1.0,2.0,2.0,3.0,13.0,1.0,2.0,74.0
ko04932,6.0,7.0,0.0,4.0,7.0,6.0,7.0,0.0,1.0,5.0,4.0,5.0,5.0,6.0,0.0,41.0,7.0,0.0,1.0,8.0,6.0,47.0,0.0,4.0,124.0
ko04933,0.0,0.0,0.0,0.0,0.0,0.0,1.0,0.0,0.0,0.0,0.0,0.0,0.0,0.0,0.0,14.0,0.0,0.0,0.0,0.0,0.0,11.0,0.0,0.0,75.0
ko04934,1.0,1.0,1.0,1.0,1.0,1.0,1.0,1.0,1.0,0.0,1.0,1.0,1.0,1.0,1.0,19.0,1.0,1.0,1.0,1.0,1.0,18.0,1.0,1.0,122.0
ko04940,1.0,1.0,1.0,1.0,1.0,1.0,1.0,1.0,2.0,1.0,1.0,0.0,1.0,1.0,2.0,2.0,1.0,1.0,1.0,1.0,2.0,2.0,1.0,2.0,25.0
ko04950,0.0,0.0,0.0,0.0,0.0,0.0,0.0,0.0,0.0,0.0,0.0,0.0,0.0,1.0,0.0,1.0,0.0,0.0,0.0,0.0,0.0,2.0,0.0,0.0,26.0
ko04960,0.0,0.0,1.0,0.0,0.0,0.0,1.0,1.0,0.0,0.0,0.0,0.0,0.0,0.0,0.0,5.0,0.0,1.0,0.0,0.0,0.0,5.0,1.0,0.0,26.0
ko04961,0.0,0.0,1.0,0.0,0.0,0.0,0.0,1.0,0.0,0.0,0.0,0.0,0.0,0.0,0.0,7.0,0.0,1.0,0.0,1.0,0.0,8.0,1.0,0.0,30.0
ko04962,0.0,0.0,0.0,1.0,0.0,0.0,0.0,0.0,0.0,0.0,1.0,1.0,0.0,0.0,0.0,12.0,1.0,0.0,0.0,1.0,0.0,15.0,0.0,0.0,33.0
ko04964,1.0,1.0,2.0,1.0,1.0,1.0,0.0,1.0,1.0,1.0,2.0,2.0,1.0,2.0,0.0,4.0,0.0,1.0,1.0,0.0,2.0,5.0,1.0,1.0,14.0
ko04966,0.0,0.0,0.0,0.0,0.0,0.0,0.0,0.0,0.0,0.0,0.0,0.0,0.0,0.0,0.0,9.0,0.0,0.0,0.0,0.0,0.0,10.0,0.0,0.0,17.0
ko04970,0.0,0.0,1.0,0.0,0.0,0.0,0.0,1.0,0.0,0.0,0.0,0.0,0.0,0.0,0.0,9.0,0.0,1.0,0.0,0.0,0.0,8.0,1.0,0.0,63.0
ko04971,0.0,0.0,1.0,0.0,0.0,0.0,0.0,1.0,0.0,0.0,0.0,0.0,0.0,0.0,0.0,9.0,0.0,1.0,0.0,0.0,0.0,9.0,1.0,0.0,49.0
ko04972,0.0,0.0,1.0,0.0,0.0,0.0,0.0,1.0,0.0,0.0,0.0,0.0,0.0,0.0,0.0,13.0,0.0,1.0,0.0,0.0,0.0,13.0,1.0,0.0,67.0
ko04973,0.0,1.0,1.0,1.0,0.0,0.0,0.0,1.0,1.0,1.0,1.0,1.0,1.0,0.0,1.0,7.0,1.0,1.0,1.0,1.0,1.0,4.0,1.0,1.0,21.0
ko04974,2.0,0.0,2.0,0.0,0.0,2.0,0.0,2.0,3.0,1.0,1.0,2.0,0.0,0.0,2.0,4.0,1.0,1.0,0.0,1.0,2.0,5.0,1.0,3.0,56.0
ko04975,0.0,0.0,0.0,0.0,0.0,0.0,0.0,0.0,0.0,0.0,0.0,0.0,0.0,1.0,0.0,5.0,0.0,0.0,0.0,0.0,0.0,5.0,0.0,0.0,26.0
ko04976,1.0,1.0,2.0,0.0,1.0,1.0,0.0,2.0,1.0,1.0,0.0,1.0,1.0,1.0,1.0,9.0,0.0,3.0,1.0,0.0,0.0,8.0,3.0,1.0,60.0
ko04977,0.0,0.0,0.0,0.0,0.0,0.0,0.0,0.0,0.0,0.0,0.0,0.0,0.0,0.0,0.0,2.0,0.0,0.0,0.0,0.0,0.0,2.0,0.0,0.0,21.0
ko04978,0.0,2.0,2.0,0.0,1.0,1.0,1.0,1.0,0.0,0.0,1.0,2.0,2.0,1.0,0.0,6.0,0.0,1.0,2.0,0.0,0.0,7.0,1.0,0.0,31.0
ko04979,1.0,1.0,0.0,0.0,0.0,1.0,0.0,0.0,1.0,0.0,1.0,0.0,1.0,1.0,1.0,7.0,1.0,0.0,1.0,1.0,0.0,5.0,0.0,1.0,49.0
ko05010,8.0,11.0,2.0,5.0,9.0,11.0,9.0,2.0,3.0,8.0,7.0,7.0,8.0,7.0,1.0,54.0,12.0,1.0,2.0,12.0,11.0,59.0,1.0,8.0,143.0
ko05012,6.0,17.0,0.0,5.0,14.0,13.0,8.0,0.0,1.0,7.0,4.0,5.0,13.0,6.0,0.0,56.0,16.0,0.0,1.0,18.0,13.0,60.0,0.0,6.0,122.0
ko05014,2.0,3.0,0.0,3.0,1.0,3.0,2.0,0.0,1.0,2.0,1.0,2.0,3.0,2.0,1.0,10.0,1.0,0.0,3.0,1.0,1.0,12.0,0.0,1.0,43.0
ko05016,7.0,12.0,1.0,6.0,11.0,12.0,9.0,0.0,2.0,8.0,5.0,6.0,10.0,7.0,1.0,61.0,11.0,0.0,3.0,12.0,9.0,71.0,0.0,7.0,149.0
ko05020,0.0,1.0,0.0,1.0,1.0,1.0,0.0,0.0,0.0,0.0,0.0,1.0,1.0,0.0,0.0,5.0,0.0,0.0,1.0,0.0,0.0,5.0,0.0,0.0,30.0
ko05030,0.0,1.0,0.0,0.0,1.0,1.0,0.0,0.0,0.0,0.0,1.0,2.0,1.0,2.0,0.0,6.0,1.0,0.0,1.0,1.0,0.0,7.0,0.0,0.0,38.0
ko05031,0.0,1.0,0.0,0.0,1.0,1.0,0.0,0.0,0.0,0.0,1.0,2.0,1.0,2.0,0.0,11.0,1.0,0.0,1.0,1.0,0.0,11.0,0.0,0.0,45.0
ko05032,0.0,0.0,0.0,0.0,0.0,1.0,0.0,0.0,0.0,0.0,0.0,0.0,0.0,1.0,0.0,8.0,0.0,0.0,0.0,0.0,0.0,9.0,0.0,0.0,64.0
ko05033,0.0,0.0,0.0,0.0,0.0,1.0,0.0,0.0,0.0,0.0,0.0,0.0,0.0,1.0,0.0,2.0,0.0,0.0,0.0,0.0,0.0,3.0,0.0,0.0,27.0
ko05034,0.0,1.0,0.0,0.0,1.0,1.0,1.0,0.0,0.0,0.0,1.0,2.0,1.0,3.0,0.0,19.0,1.0,0.0,2.0,5.0,0.0,20.0,0.0,0.0,84.0
ko05100,0.0,0.0,0.0,0.0,0.0,1.0,0.0,1.0,0.0,2.0,0.0,0.0,0.0,1.0,0.0,18.0,1.0,1.0,1.0,1.0,0.0,16.0,1.0,0.0,73.0
ko05110,0.0,0.0,0.0,1.0,0.0,0.0,0.0,0.0,0.0,1.0,0.0,1.0,0.0,0.0,0.0,16.0,2.0,0.0,0.0,2.0,2.0,20.0,0.0,0.0,48.0
ko05111,21.0,26.0,7.0,27.0,13.0,8.0,12.0,5.0,8.0,8.0,31.0,14.0,27.0,22.0,8.0,17.0,21.0,5.0,27.0,24.0,29.0,19.0,5.0,8.0,107.0
ko05120,3.0,4.0,0.0,1.0,2.0,0.0,1.0,0.0,0.0,1.0,3.0,1.0,5.0,5.0,0.0,19.0,1.0,0.0,5.0,2.0,1.0,19.0,0.0,0.0,90.0
ko05130,0.0,0.0,0.0,0.0,0.0,1.0,0.0,0.0,0.0,0.0,0.0,0.0,0.0,0.0,0.0,12.0,1.0,0.0,0.0,1.0,0.0,14.0,0.0,0.0,43.0
ko05131,0.0,1.0,0.0,0.0,0.0,1.0,0.0,0.0,0.0,0.0,0.0,0.0,1.0,0.0,0.0,19.0,1.0,0.0,1.0,1.0,0.0,18.0,0.0,0.0,64.0
ko05132,2.0,2.0,0.0,4.0,2.0,4.0,0.0,0.0,0.0,0.0,4.0,3.0,2.0,2.0,0.0,21.0,2.0,0.0,2.0,2.0,4.0,20.0,0.0,0.0,82.0
ko05133,4.0,8.0,1.0,3.0,5.0,5.0,3.0,0.0,0.0,1.0,8.0,8.0,8.0,4.0,0.0,10.0,5.0,0.0,8.0,3.0,3.0,12.0,0.0,0.0,79.0
ko05134,4.0,5.0,2.0,6.0,3.0,4.0,4.0,2.0,2.0,4.0,5.0,3.0,5.0,6.0,3.0,11.0,4.0,2.0,5.0,3.0,4.0,14.0,2.0,2.0,68.0
ko05140,0.0,0.0,0.0,0.0,0.0,0.0,0.0,0.0,0.0,0.0,0.0,0.0,0.0,0.0,0.0,5.0,0.0,0.0,0.0,0.0,0.0,3.0,0.0,0.0,58.0
ko05142,2.0,1.0,0.0,1.0,1.0,1.0,0.0,0.0,0.0,1.0,1.0,1.0,1.0,1.0,0.0,8.0,0.0,0.0,1.0,0.0,2.0,8.0,0.0,0.0,83.0
ko05143,1.0,2.0,0.0,2.0,1.0,1.0,0.0,0.0,0.0,1.0,1.0,1.0,2.0,1.0,0.0,2.0,0.0,0.0,2.0,0.0,1.0,2.0,0.0,0.0,39.0
ko05144,0.0,0.0,0.0,0.0,0.0,0.0,0.0,0.0,0.0,0.0,0.0,0.0,0.0,0.0,0.0,1.0,0.0,0.0,0.0,0.0,0.0,1.0,0.0,0.0,66.0
ko05145,1.0,1.0,0.0,1.0,1.0,2.0,1.0,0.0,0.0,1.0,0.0,0.0,1.0,1.0,0.0,14.0,0.0,0.0,1.0,0.0,0.0,9.0,0.0,0.0,94.0
ko05146,0.0,1.0,0.0,0.0,1.0,0.0,0.0,0.0,0.0,1.0,1.0,1.0,1.0,1.0,0.0,9.0,1.0,0.0,1.0,1.0,1.0,7.0,0.0,0.0,81.0
ko05150,1.0,3.0,6.0,2.0,1.0,1.0,0.0,4.0,7.0,1.0,2.0,2.0,3.0,0.0,7.0,1.0,2.0,4.0,3.0,2.0,1.0,2.0,4.0,7.0,71.0
ko05152,4.0,4.0,3.0,4.0,3.0,4.0,4.0,2.0,3.0,4.0,3.0,2.0,4.0,4.0,3.0,24.0,3.0,2.0,4.0,3.0,3.0,26.0,2.0,3.0,131.0
ko05160,1.0,1.0,0.0,1.0,0.0,1.0,2.0,0.0,0.0,1.0,0.0,0.0,1.0,2.0,0.0,19.0,0.0,0.0,1.0,1.0,0.0,19.0,0.0,0.0,111.0
ko05161,1.0,1.0,0.0,1.0,0.0,1.0,2.0,0.0,0.0,1.0,0.0,0.0,1.0,2.0,0.0,18.0,0.0,0.0,1.0,1.0,0.0,15.0,0.0,0.0,132.0
ko05162,0.0,0.0,0.0,0.0,0.0,0.0,0.0,0.0,0.0,0.0,0.0,0.0,0.0,0.0,0.0,15.0,0.0,0.0,0.0,0.0,0.0,12.0,0.0,0.0,112.0
ko05163,1.0,1.0,0.0,1.0,0.0,1.0,2.0,0.0,0.0,1.0,0.0,0.0,1.0,2.0,0.0,24.0,0.0,0.0,1.0,1.0,0.0,23.0,0.0,0.0,192.0
ko05164,1.0,1.0,0.0,1.0,0.0,1.0,1.0,0.0,0.0,1.0,0.0,0.0,1.0,2.0,0.0,24.0,0.0,0.0,1.0,1.0,0.0,27.0,0.0,0.0,124.0
ko05165,1.0,1.0,1.0,1.0,1.0,1.0,1.0,1.0,1.0,1.0,1.0,1.0,2.0,2.0,1.0,45.0,1.0,1.0,1.0,3.0,1.0,44.0,1.0,1.0,231.0
ko05166,1.0,1.0,0.0,0.0,0.0,1.0,1.0,0.0,1.0,0.0,1.0,0.0,2.0,3.0,1.0,50.0,1.0,0.0,2.0,3.0,0.0,45.0,0.0,1.0,180.0
ko05167,1.0,1.0,0.0,1.0,0.0,1.0,2.0,0.0,0.0,1.0,0.0,0.0,1.0,1.0,0.0,20.0,0.0,0.0,1.0,0.0,0.0,19.0,0.0,0.0,161.0
ko05168,2.0,1.0,0.0,1.0,0.0,1.0,1.0,0.0,1.0,1.0,0.0,0.0,2.0,1.0,1.0,28.0,0.0,0.0,1.0,1.0,0.0,30.0,0.0,1.0,147.0
ko05169,1.0,1.0,0.0,1.0,0.0,1.0,1.0,0.0,0.0,1.0,0.0,0.0,1.0,1.0,0.0,37.0,0.0,0.0,1.0,0.0,0.0,33.0,0.0,0.0,172.0
ko05170,1.0,1.0,0.0,1.0,0.0,1.0,2.0,0.0,0.0,1.0,0.0,0.0,1.0,1.0,0.0,31.0,0.0,0.0,1.0,0.0,0.0,29.0,0.0,0.0,163.0
ko05200,3.0,6.0,2.0,4.0,3.0,5.0,6.0,3.0,1.0,2.0,4.0,5.0,6.0,7.0,1.0,50.0,3.0,2.0,6.0,4.0,3.0,46.0,2.0,1.0,413.0
ko05202,1.0,0.0,0.0,0.0,0.0,0.0,0.0,0.0,0.0,0.0,0.0,1.0,0.0,1.0,0.0,17.0,0.0,0.0,0.0,1.0,0.0,19.0,0.0,0.0,157.0
ko05203,1.0,1.0,1.0,1.0,1.0,1.0,1.0,1.0,1.0,1.0,1.0,1.0,2.0,1.0,1.0,45.0,1.0,1.0,2.0,4.0,1.0,44.0,1.0,1.0,174.0
ko05204,3.0,3.0,1.0,2.0,3.0,2.0,2.0,2.0,1.0,2.0,3.0,3.0,3.0,3.0,1.0,9.0,3.0,1.0,3.0,3.0,2.0,8.0,1.0,1.0,36.0
ko05205,0.0,1.0,1.0,1.0,1.0,1.0,2.0,1.0,1.0,1.0,1.0,2.0,1.0,2.0,1.0,23.0,1.0,1.0,1.0,2.0,1.0,23.0,1.0,1.0,162.0
ko05206,1.0,2.0,0.0,1.0,0.0,1.0,1.0,0.0,0.0,2.0,1.0,3.0,2.0,3.0,0.0,23.0,1.0,0.0,2.0,2.0,2.0,23.0,0.0,0.0,232.0
ko05210,1.0,1.0,0.0,1.0,0.0,1.0,2.0,0.0,0.0,1.0,0.0,0.0,1.0,2.0,0.0,14.0,0.0,0.0,1.0,1.0,0.0,14.0,0.0,0.0,71.0
ko05211,1.0,1.0,1.0,1.0,1.0,1.0,2.0,1.0,1.0,0.0,1.0,1.0,1.0,2.0,1.0,10.0,1.0,1.0,1.0,2.0,1.0,12.0,1.0,1.0,56.0
ko05212,0.0,0.0,0.0,0.0,0.0,0.0,1.0,0.0,0.0,0.0,0.0,0.0,0.0,0.0,0.0,11.0,0.0,0.0,0.0,0.0,0.0,9.0,0.0,0.0,61.0
ko05213,0.0,0.0,0.0,0.0,0.0,0.0,1.0,0.0,0.0,0.0,0.0,0.0,0.0,1.0,0.0,10.0,0.0,0.0,0.0,1.0,0.0,8.0,0.0,0.0,45.0
ko05214,0.0,0.0,0.0,0.0,0.0,0.0,1.0,0.0,0.0,0.0,0.0,0.0,0.0,1.0,0.0,11.0,0.0,0.0,0.0,1.0,0.0,9.0,0.0,0.0,54.0
ko05215,0.0,1.0,0.0,1.0,1.0,1.0,2.0,0.0,0.0,0.0,1.0,1.0,1.0,3.0,0.0,11.0,1.0,0.0,1.0,2.0,1.0,10.0,0.0,0.0,79.0
ko05216,0.0,0.0,0.0,0.0,0.0,0.0,1.0,0.0,0.0,0.0,0.0,0.0,0.0,0.0,0.0,4.0,0.0,0.0,0.0,0.0,0.0,4.0,0.0,0.0,34.0
ko05217,0.0,0.0,0.0,0.0,0.0,0.0,0.0,0.0,0.0,0.0,0.0,0.0,0.0,0.0,0.0,3.0,0.0,0.0,0.0,0.0,0.0,2.0,0.0,0.0,48.0
ko05218,0.0,0.0,0.0,0.0,0.0,0.0,1.0,0.0,0.0,0.0,0.0,0.0,0.0,0.0,0.0,5.0,0.0,0.0,0.0,0.0,0.0,3.0,0.0,0.0,50.0
ko05219,1.0,0.0,1.0,1.0,0.0,0.0,2.0,1.0,0.0,1.0,0.0,1.0,0.0,1.0,0.0,5.0,1.0,1.0,0.0,1.0,0.0,4.0,1.0,0.0,38.0
ko05220,0.0,0.0,0.0,0.0,0.0,0.0,1.0,0.0,0.0,0.0,0.0,0.0,0.0,1.0,0.0,9.0,0.0,0.0,0.0,1.0,0.0,7.0,0.0,0.0,62.0
ko05221,0.0,0.0,0.0,0.0,0.0,0.0,1.0,0.0,0.0,0.0,0.0,0.0,0.0,1.0,0.0,8.0,0.0,0.0,0.0,1.0,0.0,5.0,0.0,0.0,56.0
ko05222,1.0,1.0,0.0,1.0,0.0,1.0,1.0,0.0,0.0,1.0,0.0,0.0,1.0,1.0,0.0,10.0,0.0,0.0,1.0,0.0,0.0,8.0,0.0,0.0,74.0
ko05223,0.0,0.0,0.0,0.0,0.0,0.0,1.0,0.0,0.0,0.0,0.0,0.0,0.0,1.0,0.0,10.0,0.0,0.0,0.0,1.0,0.0,7.0,0.0,0.0,56.0
ko05224,0.0,0.0,0.0,0.0,0.0,0.0,1.0,0.0,0.0,0.0,0.0,0.0,0.0,1.0,0.0,9.0,0.0,0.0,0.0,1.0,0.0,7.0,0.0,0.0,105.0
ko05225,1.0,3.0,1.0,1.0,1.0,2.0,3.0,2.0,0.0,1.0,2.0,3.0,3.0,4.0,0.0,20.0,1.0,1.0,3.0,3.0,1.0,19.0,1.0,0.0,114.0
ko05226,0.0,0.0,0.0,0.0,0.0,0.0,1.0,0.0,0.0,0.0,0.0,0.0,0.0,1.0,0.0,12.0,0.0,0.0,0.0,1.0,0.0,11.0,0.0,0.0,107.0
ko05230,6.0,3.0,5.0,4.0,5.0,5.0,2.0,5.0,5.0,5.0,3.0,5.0,3.0,6.0,5.0,12.0,6.0,5.0,3.0,6.0,4.0,11.0,5.0,5.0,46.0
ko05231,1.0,1.0,1.0,1.0,1.0,1.0,2.0,1.0,1.0,2.0,1.0,0.0,1.0,3.0,1.0,20.0,2.0,2.0,1.0,3.0,2.0,18.0,1.0,1.0,61.0
ko05321,0.0,0.0,0.0,0.0,0.0,0.0,0.0,0.0,0.0,0.0,0.0,0.0,0.0,0.0,0.0,1.0,0.0,0.0,0.0,0.0,0.0,0.0,0.0,0.0,52.0
ko05322,0.0,0.0,0.0,0.0,0.0,0.0,0.0,0.0,0.0,0.0,0.0,1.0,0.0,0.0,0.0,8.0,0.0,0.0,1.0,2.0,0.0,9.0,0.0,0.0,45.0
ko05323,0.0,0.0,0.0,0.0,0.0,0.0,0.0,0.0,0.0,0.0,0.0,0.0,0.0,0.0,0.0,11.0,0.0,0.0,0.0,0.0,0.0,13.0,0.0,0.0,66.0
ko05340,0.0,2.0,2.0,2.0,1.0,1.0,2.0,1.0,2.0,2.0,2.0,1.0,2.0,0.0,2.0,2.0,2.0,1.0,2.0,2.0,2.0,2.0,1.0,2.0,35.0
ko05410,1.0,0.0,0.0,0.0,0.0,0.0,0.0,0.0,0.0,0.0,0.0,0.0,0.0,0.0,0.0,4.0,0.0,0.0,0.0,0.0,1.0,3.0,0.0,0.0,75.0
ko05412,0.0,0.0,0.0,0.0,0.0,0.0,0.0,0.0,0.0,0.0,0.0,0.0,0.0,0.0,0.0,4.0,0.0,0.0,0.0,0.0,0.0,3.0,0.0,0.0,65.0
ko05414,0.0,0.0,0.0,0.0,0.0,0.0,0.0,0.0,0.0,0.0,0.0,0.0,0.0,0.0,0.0,5.0,0.0,0.0,0.0,0.0,0.0,5.0,0.0,0.0,83.0
ko05416,1.0,1.0,0.0,1.0,0.0,1.0,1.0,0.0,0.0,1.0,0.0,0.0,1.0,2.0,0.0,5.0,0.0,0.0,1.0,0.0,0.0,6.0,0.0,0.0,38.0
ko05418,3.0,6.0,3.0,4.0,4.0,5.0,5.0,4.0,2.0,3.0,5.0,6.0,6.0,7.0,2.0,18.0,4.0,3.0,6.0,4.0,4.0,17.0,3.0,2.0,98.0
