,Rothia_2_156,Bfrigolitolerans_271,Staphylococcus_5_333b,Lkefiranofaciens_322b,Lkefiri_227a,Llactis_1_352,Lbuchneri_280,Staphylococcus_6_381a,Staphylococcus_3_215c,Stenotrophomonas_286a2,Afabarum_373,Bcasei_303,Lkefiri_152,Llactis_2_150,Staphylococcus_1_239,Afabarum_290,Llactis_1_261,Llactis_1_17,Mluteus_1_200b,Asyzygii_2_380,Mosloensis_424,Leuconostoc_230a,Rothia_3_286a1,Streptococcus_1_154,Staphylococcus_2_302,Staphylococcus_4_323,Mluteus_2_332,Rothia_1_245,Asyzygii_1_354,Lbuchneri_325,Streptococcus_2_384a,Binfantis_215b,Uncultured_1_285,Lkefiri_376,number_kos
ko00010,23.0,33.0,31.0,20.0,18.0,22.0,18.0,30.0,32.0,22.0,18.0,27.0,18.0,22.0,31.0,19.0,22.0,22.0,27.0,19.0,17.0,19.0,27.0,24.0,30.0,31.0,27.0,23.0,19.0,18.0,21.0,34.0,21.0,18.0,99.0
ko00020,16.0,23.0,21.0,3.0,6.0,10.0,6.0,21.0,20.0,23.0,18.0,21.0,6.0,10.0,21.0,18.0,10.0,10.0,21.0,18.0,18.0,5.0,18.0,20.0,21.0,21.0,22.0,16.0,18.0,6.0,4.0,22.0,15.0,6.0,57.0
ko00030,12.0,25.0,21.0,13.0,17.0,18.0,15.0,21.0,23.0,21.0,13.0,14.0,17.0,18.0,21.0,16.0,18.0,18.0,13.0,14.0,9.0,13.0,18.0,15.0,21.0,23.0,13.0,12.0,14.0,14.0,13.0,23.0,16.0,17.0,79.0
ko00040,2.0,17.0,3.0,2.0,9.0,7.0,10.0,4.0,7.0,7.0,4.0,3.0,9.0,8.0,4.0,5.0,7.0,8.0,3.0,3.0,3.0,8.0,3.0,4.0,5.0,8.0,3.0,2.0,3.0,10.0,3.0,7.0,3.0,9.0,70.0
ko00051,17.0,27.0,11.0,18.0,6.0,19.0,6.0,15.0,16.0,9.0,6.0,17.0,6.0,19.0,15.0,6.0,19.0,19.0,9.0,6.0,5.0,8.0,22.0,12.0,14.0,15.0,9.0,17.0,6.0,6.0,13.0,21.0,14.0,6.0,107.0
ko00052,7.0,11.0,14.0,17.0,11.0,17.0,13.0,14.0,14.0,10.0,3.0,7.0,11.0,10.0,14.0,3.0,17.0,17.0,6.0,4.0,3.0,12.0,10.0,8.0,14.0,14.0,6.0,7.0,4.0,13.0,20.0,12.0,10.0,11.0,77.0
ko00053,0.0,7.0,1.0,0.0,0.0,0.0,0.0,1.0,1.0,5.0,3.0,3.0,0.0,0.0,1.0,3.0,0.0,0.0,2.0,3.0,1.0,4.0,0.0,2.0,1.0,1.0,2.0,0.0,3.0,0.0,0.0,2.0,2.0,0.0,45.0
ko00061,7.0,14.0,11.0,11.0,12.0,13.0,11.0,11.0,11.0,14.0,13.0,10.0,12.0,13.0,11.0,13.0,13.0,13.0,7.0,12.0,12.0,12.0,9.0,6.0,11.0,12.0,7.0,7.0,12.0,11.0,12.0,14.0,6.0,12.0,33.0
ko00071,2.0,12.0,3.0,2.0,3.0,3.0,3.0,2.0,3.0,9.0,4.0,12.0,3.0,3.0,3.0,4.0,3.0,3.0,9.0,4.0,8.0,2.0,3.0,10.0,2.0,2.0,9.0,2.0,4.0,3.0,2.0,8.0,4.0,2.0,54.0
ko00072,0.0,5.0,2.0,2.0,2.0,2.0,2.0,5.0,2.0,4.0,0.0,5.0,2.0,2.0,5.0,1.0,2.0,2.0,3.0,0.0,6.0,1.0,1.0,2.0,3.0,3.0,3.0,0.0,0.0,2.0,1.0,5.0,3.0,1.0,8.0
ko00100,0.0,1.0,0.0,0.0,0.0,0.0,0.0,0.0,0.0,0.0,0.0,0.0,0.0,0.0,0.0,0.0,0.0,0.0,0.0,0.0,0.0,0.0,0.0,4.0,0.0,0.0,0.0,0.0,0.0,0.0,0.0,1.0,0.0,0.0,31.0
ko00120,0.0,0.0,1.0,1.0,1.0,1.0,1.0,1.0,1.0,0.0,0.0,1.0,1.0,1.0,1.0,0.0,1.0,1.0,0.0,0.0,0.0,0.0,0.0,0.0,1.0,1.0,0.0,0.0,0.0,1.0,0.0,1.0,0.0,1.0,18.0
ko00121,0.0,0.0,1.0,1.0,1.0,1.0,1.0,1.0,1.0,0.0,0.0,0.0,1.0,1.0,1.0,0.0,1.0,1.0,0.0,0.0,0.0,0.0,0.0,0.0,1.0,1.0,0.0,0.0,0.0,1.0,0.0,1.0,0.0,1.0,9.0
ko00130,7.0,11.0,8.0,1.0,5.0,9.0,5.0,8.0,9.0,10.0,4.0,7.0,5.0,9.0,8.0,4.0,9.0,10.0,7.0,5.0,9.0,8.0,8.0,6.0,8.0,9.0,7.0,7.0,5.0,5.0,0.0,11.0,7.0,5.0,56.0
ko00140,0.0,0.0,0.0,0.0,1.0,0.0,1.0,0.0,0.0,1.0,0.0,0.0,1.0,0.0,0.0,0.0,0.0,0.0,0.0,0.0,0.0,0.0,0.0,1.0,0.0,0.0,0.0,0.0,0.0,1.0,0.0,0.0,0.0,1.0,47.0
ko00190,25.0,40.0,23.0,14.0,14.0,13.0,14.0,23.0,23.0,45.0,43.0,25.0,14.0,13.0,23.0,43.0,13.0,14.0,22.0,43.0,37.0,14.0,27.0,26.0,23.0,35.0,24.0,25.0,43.0,14.0,9.0,40.0,23.0,14.0,215.0
ko00195,8.0,8.0,8.0,8.0,8.0,8.0,8.0,8.0,8.0,8.0,8.0,8.0,8.0,8.0,8.0,8.0,8.0,8.0,8.0,8.0,8.0,8.0,8.0,6.0,8.0,8.0,8.0,8.0,8.0,8.0,8.0,8.0,8.0,8.0,63.0
ko00220,5.0,18.0,12.0,4.0,13.0,13.0,12.0,13.0,9.0,13.0,13.0,16.0,13.0,13.0,13.0,13.0,13.0,13.0,13.0,11.0,13.0,9.0,11.0,11.0,17.0,17.0,13.0,5.0,11.0,12.0,4.0,15.0,11.0,13.0,55.0
ko00230,42.0,66.0,56.0,46.0,50.0,48.0,50.0,58.0,54.0,52.0,51.0,59.0,50.0,48.0,58.0,52.0,48.0,48.0,48.0,50.0,51.0,47.0,54.0,45.0,58.0,58.0,46.0,41.0,50.0,47.0,47.0,56.0,50.0,50.0,275.0
ko00232,0.0,1.0,0.0,0.0,0.0,0.0,0.0,0.0,0.0,0.0,0.0,1.0,0.0,0.0,0.0,0.0,0.0,0.0,0.0,0.0,0.0,0.0,0.0,1.0,0.0,0.0,0.0,0.0,0.0,0.0,0.0,0.0,0.0,0.0,15.0
ko00240,33.0,46.0,39.0,38.0,38.0,43.0,38.0,41.0,42.0,37.0,35.0,38.0,38.0,43.0,42.0,35.0,43.0,43.0,37.0,35.0,41.0,35.0,42.0,30.0,42.0,41.0,37.0,32.0,35.0,37.0,42.0,49.0,34.0,38.0,175.0
ko00250,17.0,25.0,17.0,13.0,19.0,18.0,17.0,17.0,18.0,18.0,21.0,25.0,19.0,18.0,17.0,21.0,18.0,18.0,20.0,19.0,17.0,16.0,19.0,17.0,18.0,17.0,21.0,16.0,19.0,17.0,14.0,22.0,20.0,19.0,67.0
ko00260,16.0,32.0,24.0,10.0,17.0,17.0,16.0,25.0,25.0,27.0,26.0,35.0,17.0,17.0,25.0,26.0,17.0,17.0,26.0,24.0,25.0,14.0,22.0,28.0,25.0,25.0,25.0,16.0,24.0,17.0,15.0,27.0,22.0,17.0,94.0
ko00261,4.0,6.0,5.0,4.0,4.0,4.0,4.0,5.0,5.0,5.0,6.0,6.0,4.0,4.0,5.0,6.0,4.0,4.0,6.0,6.0,5.0,4.0,5.0,5.0,5.0,5.0,6.0,4.0,6.0,4.0,4.0,5.0,7.0,4.0,28.0
ko00270,15.0,37.0,20.0,13.0,17.0,18.0,16.0,20.0,22.0,29.0,25.0,20.0,17.0,18.0,20.0,25.0,18.0,18.0,19.0,28.0,20.0,18.0,17.0,26.0,20.0,20.0,18.0,15.0,28.0,17.0,21.0,37.0,18.0,17.0,99.0
ko00280,5.0,21.0,8.0,4.0,5.0,5.0,5.0,11.0,8.0,18.0,5.0,17.0,5.0,5.0,11.0,6.0,5.0,5.0,15.0,5.0,15.0,4.0,9.0,8.0,9.0,9.0,14.0,5.0,5.0,5.0,3.0,19.0,10.0,4.0,69.0
ko00281,0.0,3.0,0.0,0.0,0.0,0.0,0.0,0.0,0.0,4.0,1.0,3.0,0.0,0.0,0.0,1.0,0.0,0.0,2.0,1.0,4.0,0.0,0.0,2.0,0.0,0.0,2.0,0.0,1.0,0.0,0.0,2.0,1.0,0.0,16.0
ko00290,11.0,11.0,10.0,1.0,2.0,11.0,1.0,10.0,10.0,11.0,10.0,11.0,2.0,11.0,11.0,10.0,11.0,11.0,11.0,10.0,12.0,10.0,12.0,11.0,11.0,11.0,11.0,11.0,10.0,1.0,11.0,11.0,11.0,2.0,19.0
ko00300,11.0,15.0,10.0,12.0,14.0,11.0,13.0,10.0,10.0,11.0,12.0,12.0,14.0,11.0,10.0,12.0,11.0,11.0,13.0,12.0,12.0,11.0,11.0,7.0,10.0,10.0,13.0,11.0,12.0,13.0,12.0,14.0,11.0,14.0,46.0
ko00310,3.0,10.0,5.0,2.0,2.0,1.0,2.0,5.0,6.0,7.0,8.0,9.0,2.0,1.0,5.0,8.0,1.0,1.0,9.0,7.0,6.0,1.0,4.0,8.0,6.0,5.0,9.0,3.0,7.0,2.0,1.0,9.0,4.0,1.0,77.0
ko00311,0.0,2.0,1.0,1.0,1.0,0.0,1.0,1.0,1.0,2.0,0.0,3.0,1.0,0.0,1.0,0.0,0.0,0.0,1.0,0.0,0.0,0.0,1.0,3.0,1.0,0.0,1.0,0.0,0.0,1.0,2.0,1.0,0.0,1.0,15.0
ko00330,5.0,20.0,9.0,2.0,8.0,7.0,7.0,10.0,9.0,15.0,15.0,14.0,8.0,7.0,10.0,15.0,7.0,7.0,10.0,14.0,5.0,5.0,6.0,16.0,10.0,10.0,10.0,4.0,14.0,8.0,8.0,22.0,6.0,8.0,99.0
ko00332,0.0,2.0,0.0,0.0,2.0,2.0,2.0,0.0,0.0,2.0,2.0,2.0,2.0,2.0,0.0,2.0,2.0,2.0,2.0,2.0,2.0,2.0,0.0,2.0,0.0,0.0,2.0,0.0,2.0,2.0,2.0,0.0,2.0,2.0,19.0
ko00333,2.0,3.0,3.0,3.0,3.0,3.0,3.0,3.0,3.0,2.0,3.0,3.0,3.0,3.0,3.0,3.0,3.0,3.0,2.0,3.0,3.0,2.0,3.0,2.0,3.0,3.0,2.0,2.0,3.0,3.0,2.0,3.0,1.0,3.0,19.0
ko00340,4.0,16.0,3.0,0.0,10.0,10.0,10.0,7.0,3.0,13.0,12.0,14.0,11.0,10.0,6.0,12.0,10.0,10.0,15.0,15.0,9.0,9.0,8.0,9.0,13.0,6.0,15.0,4.0,15.0,10.0,0.0,15.0,14.0,10.0,46.0
ko00350,3.0,14.0,3.0,3.0,6.0,4.0,5.0,1.0,4.0,9.0,6.0,12.0,6.0,4.0,3.0,6.0,4.0,4.0,8.0,5.0,7.0,6.0,5.0,7.0,4.0,1.0,7.0,3.0,5.0,6.0,3.0,8.0,4.0,6.0,70.0
ko00360,1.0,16.0,2.0,1.0,5.0,3.0,4.0,2.0,2.0,9.0,7.0,19.0,5.0,3.0,2.0,7.0,3.0,3.0,17.0,5.0,5.0,2.0,3.0,6.0,3.0,3.0,16.0,2.0,5.0,4.0,3.0,15.0,4.0,5.0,76.0
ko00361,0.0,2.0,2.0,1.0,1.0,1.0,1.0,2.0,2.0,2.0,2.0,6.0,1.0,1.0,2.0,2.0,1.0,1.0,1.0,1.0,1.0,0.0,1.0,1.0,2.0,2.0,1.0,0.0,1.0,1.0,2.0,1.0,0.0,1.0,39.0
ko00362,0.0,8.0,3.0,3.0,4.0,3.0,2.0,3.0,3.0,10.0,1.0,15.0,4.0,3.0,3.0,1.0,3.0,3.0,5.0,1.0,6.0,1.0,4.0,3.0,3.0,4.0,13.0,1.0,1.0,2.0,2.0,8.0,2.0,3.0,97.0
ko00364,0.0,0.0,0.0,0.0,0.0,0.0,0.0,0.0,0.0,1.0,1.0,1.0,0.0,0.0,0.0,1.0,0.0,0.0,1.0,1.0,0.0,0.0,0.0,1.0,0.0,0.0,1.0,0.0,1.0,0.0,0.0,0.0,0.0,0.0,18.0
ko00380,3.0,11.0,5.0,1.0,2.0,3.0,2.0,5.0,5.0,12.0,6.0,11.0,2.0,3.0,5.0,6.0,3.0,2.0,8.0,5.0,5.0,0.0,4.0,8.0,5.0,6.0,8.0,2.0,5.0,2.0,0.0,9.0,4.0,1.0,68.0
ko00400,17.0,22.0,18.0,0.0,19.0,18.0,18.0,18.0,18.0,21.0,19.0,17.0,19.0,18.0,18.0,19.0,18.0,18.0,19.0,19.0,17.0,17.0,19.0,11.0,18.0,18.0,18.0,17.0,19.0,18.0,17.0,20.0,19.0,19.0,72.0
ko00401,2.0,3.0,2.0,0.0,3.0,3.0,2.0,2.0,2.0,3.0,3.0,2.0,3.0,3.0,2.0,3.0,3.0,3.0,2.0,3.0,2.0,3.0,2.0,2.0,2.0,2.0,2.0,2.0,3.0,3.0,2.0,3.0,2.0,3.0,30.0
ko00404,0.0,0.0,0.0,0.0,0.0,0.0,0.0,0.0,0.0,1.0,0.0,0.0,0.0,0.0,0.0,0.0,0.0,0.0,0.0,0.0,0.0,0.0,0.0,0.0,0.0,0.0,0.0,0.0,0.0,0.0,0.0,0.0,0.0,0.0,34.0
ko00405,1.0,3.0,2.0,0.0,2.0,2.0,2.0,2.0,2.0,2.0,2.0,2.0,2.0,2.0,2.0,2.0,2.0,2.0,1.0,2.0,2.0,2.0,2.0,1.0,2.0,2.0,1.0,1.0,2.0,2.0,2.0,2.0,2.0,2.0,16.0
ko00410,2.0,11.0,4.0,0.0,1.0,1.0,1.0,4.0,4.0,7.0,5.0,11.0,1.0,1.0,4.0,5.0,1.0,1.0,8.0,5.0,5.0,1.0,4.0,8.0,4.0,4.0,8.0,2.0,5.0,1.0,1.0,10.0,3.0,1.0,43.0
ko00430,3.0,7.0,5.0,2.0,2.0,4.0,2.0,5.0,5.0,2.0,4.0,4.0,2.0,4.0,5.0,4.0,4.0,4.0,2.0,5.0,4.0,2.0,4.0,4.0,5.0,5.0,2.0,3.0,5.0,2.0,3.0,5.0,3.0,2.0,24.0
ko00440,0.0,9.0,1.0,0.0,1.0,1.0,1.0,1.0,1.0,1.0,1.0,1.0,1.0,1.0,1.0,1.0,1.0,1.0,0.0,1.0,1.0,1.0,0.0,0.0,1.0,1.0,0.0,0.0,1.0,1.0,0.0,1.0,1.0,1.0,40.0
ko00450,5.0,11.0,8.0,4.0,7.0,6.0,6.0,7.0,8.0,7.0,8.0,11.0,7.0,6.0,7.0,8.0,6.0,6.0,7.0,9.0,5.0,7.0,6.0,6.0,7.0,7.0,7.0,5.0,9.0,6.0,6.0,12.0,10.0,7.0,28.0
ko00460,2.0,4.0,3.0,3.0,2.0,2.0,3.0,3.0,3.0,4.0,3.0,4.0,2.0,2.0,3.0,4.0,2.0,2.0,1.0,3.0,3.0,3.0,3.0,4.0,4.0,4.0,2.0,2.0,3.0,2.0,3.0,5.0,3.0,2.0,33.0
ko00471,4.0,4.0,3.0,3.0,3.0,3.0,3.0,3.0,3.0,2.0,4.0,5.0,3.0,3.0,3.0,4.0,3.0,3.0,5.0,4.0,3.0,3.0,4.0,0.0,3.0,3.0,5.0,4.0,4.0,3.0,3.0,4.0,4.0,3.0,6.0
ko00472,0.0,1.0,1.0,0.0,0.0,0.0,0.0,1.0,1.0,0.0,1.0,0.0,0.0,0.0,1.0,1.0,0.0,0.0,0.0,0.0,0.0,0.0,0.0,1.0,1.0,1.0,0.0,0.0,0.0,0.0,0.0,1.0,0.0,0.0,7.0
ko00473,2.0,3.0,5.0,4.0,2.0,4.0,4.0,5.0,5.0,2.0,3.0,2.0,2.0,4.0,5.0,3.0,4.0,4.0,2.0,2.0,2.0,4.0,3.0,0.0,5.0,5.0,2.0,2.0,2.0,4.0,4.0,3.0,2.0,2.0,5.0
ko00480,4.0,7.0,7.0,5.0,6.0,6.0,6.0,6.0,7.0,12.0,12.0,6.0,6.0,6.0,6.0,12.0,6.0,6.0,5.0,12.0,11.0,6.0,5.0,11.0,7.0,7.0,5.0,4.0,12.0,6.0,7.0,7.0,5.0,6.0,42.0
ko00500,15.0,28.0,14.0,25.0,12.0,18.0,16.0,14.0,21.0,17.0,5.0,9.0,12.0,22.0,14.0,6.0,18.0,22.0,13.0,8.0,6.0,20.0,16.0,13.0,16.0,18.0,13.0,12.0,8.0,15.0,16.0,31.0,20.0,12.0,109.0
ko00510,1.0,0.0,0.0,0.0,1.0,0.0,1.0,0.0,0.0,1.0,1.0,1.0,1.0,0.0,0.0,1.0,0.0,0.0,1.0,1.0,0.0,0.0,1.0,2.0,0.0,0.0,1.0,1.0,1.0,1.0,0.0,0.0,1.0,1.0,43.0
ko00511,0.0,0.0,0.0,1.0,1.0,3.0,2.0,0.0,1.0,3.0,1.0,0.0,1.0,3.0,1.0,1.0,3.0,3.0,0.0,1.0,0.0,1.0,0.0,0.0,1.0,0.0,0.0,0.0,1.0,2.0,5.0,1.0,0.0,1.0,19.0
ko00513,0.0,0.0,0.0,0.0,0.0,1.0,1.0,0.0,0.0,1.0,1.0,0.0,0.0,1.0,0.0,1.0,1.0,1.0,0.0,1.0,0.0,0.0,0.0,1.0,0.0,0.0,0.0,0.0,1.0,1.0,1.0,0.0,0.0,0.0,51.0
ko00520,22.0,35.0,24.0,29.0,21.0,28.0,22.0,20.0,24.0,22.0,16.0,23.0,21.0,27.0,20.0,17.0,28.0,27.0,22.0,17.0,16.0,23.0,27.0,15.0,22.0,22.0,21.0,22.0,17.0,22.0,26.0,33.0,23.0,21.0,151.0
ko00521,4.0,8.0,3.0,2.0,4.0,6.0,4.0,3.0,3.0,7.0,1.0,5.0,4.0,6.0,3.0,1.0,6.0,6.0,7.0,6.0,2.0,4.0,6.0,3.0,3.0,3.0,7.0,4.0,6.0,4.0,3.0,7.0,8.0,4.0,18.0
ko00523,4.0,4.0,0.0,1.0,1.0,4.0,1.0,0.0,0.0,4.0,0.0,0.0,1.0,4.0,0.0,0.0,4.0,4.0,4.0,4.0,0.0,1.0,4.0,0.0,0.0,0.0,4.0,4.0,4.0,1.0,0.0,4.0,4.0,1.0,57.0
ko00524,0.0,1.0,1.0,0.0,1.0,1.0,1.0,1.0,1.0,1.0,0.0,1.0,1.0,1.0,1.0,0.0,1.0,1.0,0.0,0.0,0.0,1.0,1.0,1.0,1.0,1.0,0.0,0.0,0.0,1.0,1.0,1.0,1.0,1.0,57.0
ko00525,2.0,2.0,0.0,0.0,1.0,2.0,1.0,0.0,0.0,2.0,0.0,0.0,1.0,2.0,0.0,0.0,2.0,2.0,2.0,2.0,0.0,0.0,2.0,0.0,0.0,0.0,2.0,2.0,2.0,1.0,0.0,2.0,2.0,1.0,26.0
ko00531,0.0,1.0,0.0,1.0,2.0,2.0,3.0,0.0,2.0,2.0,1.0,1.0,2.0,2.0,0.0,1.0,2.0,2.0,0.0,1.0,1.0,0.0,0.0,0.0,0.0,2.0,0.0,0.0,1.0,3.0,1.0,1.0,1.0,2.0,15.0
ko00540,0.0,0.0,0.0,0.0,0.0,0.0,0.0,0.0,0.0,14.0,12.0,0.0,0.0,0.0,0.0,12.0,0.0,0.0,0.0,12.0,13.0,2.0,0.0,1.0,0.0,0.0,0.0,0.0,12.0,0.0,0.0,1.0,1.0,0.0,40.0
ko00550,14.0,20.0,16.0,14.0,15.0,16.0,14.0,17.0,17.0,19.0,15.0,15.0,15.0,16.0,17.0,15.0,16.0,16.0,14.0,15.0,18.0,17.0,16.0,0.0,15.0,16.0,14.0,14.0,15.0,14.0,16.0,19.0,14.0,15.0,47.0
ko00561,2.0,9.0,13.0,9.0,11.0,11.0,11.0,12.0,12.0,6.0,5.0,6.0,11.0,11.0,12.0,5.0,11.0,11.0,4.0,5.0,5.0,7.0,9.0,6.0,12.0,12.0,3.0,2.0,5.0,11.0,6.0,9.0,4.0,11.0,78.0
ko00562,1.0,9.0,2.0,1.0,2.0,2.0,2.0,2.0,2.0,5.0,4.0,9.0,2.0,2.0,2.0,4.0,2.0,2.0,4.0,4.0,3.0,2.0,2.0,3.0,2.0,2.0,4.0,1.0,4.0,2.0,2.0,3.0,4.0,2.0,68.0
ko00564,8.0,17.0,11.0,11.0,10.0,11.0,10.0,11.0,11.0,14.0,15.0,8.0,10.0,11.0,11.0,15.0,11.0,11.0,8.0,14.0,13.0,9.0,10.0,9.0,11.0,11.0,8.0,8.0,14.0,10.0,9.0,13.0,8.0,10.0,109.0
ko00565,0.0,0.0,0.0,0.0,0.0,0.0,0.0,0.0,0.0,2.0,1.0,1.0,0.0,0.0,0.0,1.0,0.0,1.0,0.0,1.0,2.0,0.0,0.0,0.0,0.0,0.0,0.0,0.0,1.0,0.0,0.0,0.0,1.0,0.0,29.0
ko00590,0.0,1.0,1.0,0.0,1.0,1.0,1.0,1.0,1.0,2.0,1.0,0.0,1.0,1.0,1.0,1.0,1.0,1.0,0.0,1.0,2.0,1.0,0.0,1.0,1.0,1.0,0.0,0.0,1.0,1.0,1.0,1.0,0.0,1.0,45.0
ko00591,0.0,0.0,0.0,0.0,0.0,0.0,0.0,0.0,0.0,2.0,0.0,0.0,0.0,0.0,0.0,0.0,0.0,0.0,1.0,0.0,1.0,0.0,0.0,0.0,0.0,0.0,1.0,0.0,0.0,0.0,0.0,0.0,0.0,0.0,25.0
ko00592,0.0,1.0,0.0,0.0,0.0,0.0,0.0,0.0,0.0,2.0,0.0,1.0,0.0,0.0,0.0,0.0,0.0,0.0,1.0,0.0,2.0,0.0,0.0,2.0,0.0,0.0,1.0,0.0,0.0,0.0,0.0,1.0,0.0,0.0,23.0
ko00600,0.0,0.0,0.0,2.0,2.0,1.0,2.0,0.0,0.0,1.0,1.0,0.0,2.0,1.0,0.0,1.0,1.0,1.0,0.0,1.0,0.0,1.0,0.0,2.0,0.0,0.0,0.0,0.0,1.0,2.0,2.0,2.0,0.0,2.0,41.0
ko00603,0.0,0.0,0.0,1.0,1.0,1.0,2.0,0.0,0.0,1.0,1.0,0.0,1.0,1.0,0.0,1.0,1.0,1.0,0.0,1.0,0.0,0.0,0.0,0.0,0.0,0.0,0.0,0.0,1.0,2.0,1.0,1.0,0.0,1.0,15.0
ko00604,0.0,0.0,0.0,0.0,0.0,1.0,1.0,0.0,0.0,1.0,1.0,0.0,0.0,1.0,0.0,1.0,1.0,1.0,0.0,1.0,0.0,0.0,0.0,0.0,0.0,0.0,0.0,0.0,1.0,1.0,1.0,0.0,0.0,0.0,14.0
ko00620,18.0,30.0,29.0,17.0,22.0,24.0,23.0,29.0,28.0,29.0,27.0,24.0,22.0,24.0,30.0,27.0,24.0,24.0,22.0,26.0,26.0,19.0,28.0,20.0,30.0,32.0,22.0,17.0,26.0,24.0,20.0,29.0,22.0,21.0,96.0
ko00621,0.0,2.0,1.0,1.0,1.0,1.0,1.0,1.0,1.0,1.0,0.0,0.0,1.0,1.0,1.0,0.0,1.0,1.0,0.0,0.0,0.0,1.0,1.0,0.0,1.0,1.0,0.0,0.0,0.0,1.0,1.0,1.0,0.0,1.0,25.0
ko00622,0.0,2.0,2.0,2.0,2.0,1.0,2.0,2.0,2.0,1.0,0.0,2.0,2.0,1.0,2.0,0.0,1.0,1.0,1.0,0.0,0.0,1.0,3.0,0.0,3.0,2.0,0.0,0.0,0.0,2.0,2.0,3.0,0.0,2.0,34.0
ko00623,0.0,0.0,0.0,1.0,1.0,0.0,1.0,0.0,0.0,1.0,1.0,3.0,1.0,0.0,0.0,1.0,0.0,0.0,3.0,1.0,0.0,0.0,1.0,1.0,1.0,0.0,2.0,0.0,1.0,1.0,0.0,1.0,0.0,1.0,46.0
ko00624,0.0,1.0,0.0,0.0,0.0,0.0,0.0,0.0,0.0,0.0,0.0,2.0,0.0,0.0,0.0,0.0,0.0,0.0,0.0,0.0,0.0,0.0,0.0,0.0,0.0,0.0,2.0,0.0,0.0,0.0,0.0,0.0,0.0,0.0,41.0
ko00625,1.0,5.0,3.0,2.0,3.0,3.0,3.0,2.0,3.0,3.0,4.0,7.0,3.0,3.0,3.0,4.0,3.0,3.0,3.0,3.0,3.0,2.0,1.0,4.0,2.0,2.0,3.0,1.0,3.0,3.0,3.0,2.0,1.0,3.0,32.0
ko00626,1.0,4.0,1.0,1.0,2.0,2.0,2.0,0.0,1.0,1.0,2.0,3.0,2.0,2.0,1.0,2.0,2.0,2.0,1.0,2.0,2.0,2.0,1.0,3.0,0.0,0.0,1.0,1.0,2.0,2.0,2.0,1.0,1.0,2.0,29.0
ko00627,1.0,3.0,2.0,2.0,3.0,3.0,3.0,1.0,1.0,2.0,4.0,7.0,3.0,3.0,1.0,4.0,3.0,3.0,3.0,2.0,0.0,2.0,1.0,2.0,1.0,2.0,3.0,1.0,2.0,3.0,2.0,3.0,4.0,3.0,71.0
ko00630,9.0,27.0,15.0,7.0,10.0,8.0,10.0,18.0,17.0,20.0,20.0,24.0,10.0,8.0,17.0,21.0,8.0,8.0,18.0,19.0,18.0,3.0,12.0,14.0,19.0,18.0,17.0,9.0,19.0,11.0,5.0,26.0,17.0,9.0,95.0
ko00633,0.0,3.0,0.0,0.0,0.0,1.0,0.0,0.0,0.0,1.0,3.0,0.0,0.0,1.0,0.0,3.0,1.0,1.0,0.0,1.0,2.0,1.0,0.0,1.0,0.0,0.0,0.0,0.0,1.0,0.0,0.0,2.0,0.0,0.0,22.0
ko00640,11.0,28.0,18.0,8.0,12.0,10.0,12.0,17.0,17.0,19.0,15.0,20.0,12.0,10.0,17.0,15.0,10.0,10.0,15.0,15.0,22.0,9.0,17.0,9.0,18.0,18.0,15.0,11.0,15.0,12.0,10.0,23.0,15.0,11.0,101.0
ko00642,0.0,1.0,0.0,0.0,0.0,0.0,0.0,0.0,0.0,1.0,0.0,0.0,0.0,0.0,0.0,0.0,0.0,0.0,0.0,0.0,1.0,0.0,0.0,1.0,0.0,0.0,0.0,0.0,0.0,0.0,0.0,1.0,0.0,0.0,16.0
ko00643,0.0,2.0,1.0,0.0,1.0,1.0,1.0,1.0,1.0,3.0,1.0,2.0,1.0,1.0,1.0,1.0,1.0,1.0,1.0,1.0,0.0,0.0,1.0,1.0,1.0,1.0,1.0,0.0,1.0,1.0,1.0,3.0,1.0,1.0,25.0
ko00650,10.0,23.0,14.0,5.0,11.0,12.0,9.0,15.0,13.0,17.0,15.0,20.0,11.0,12.0,16.0,16.0,12.0,12.0,16.0,12.0,17.0,9.0,12.0,12.0,14.0,16.0,16.0,10.0,12.0,9.0,7.0,20.0,14.0,10.0,92.0
ko00660,8.0,7.0,8.0,0.0,2.0,6.0,1.0,7.0,8.0,7.0,6.0,7.0,2.0,6.0,8.0,6.0,6.0,6.0,7.0,6.0,8.0,6.0,8.0,6.0,8.0,8.0,7.0,8.0,6.0,1.0,6.0,7.0,6.0,2.0,25.0
ko00670,11.0,13.0,11.0,9.0,10.0,10.0,10.0,11.0,11.0,13.0,11.0,11.0,10.0,10.0,11.0,11.0,10.0,10.0,10.0,11.0,12.0,10.0,11.0,11.0,11.0,11.0,10.0,11.0,11.0,10.0,10.0,12.0,13.0,10.0,33.0
ko00680,12.0,21.0,17.0,11.0,12.0,12.0,10.0,18.0,16.0,15.0,19.0,17.0,12.0,12.0,19.0,20.0,12.0,12.0,14.0,19.0,19.0,9.0,15.0,16.0,18.0,17.0,15.0,10.0,19.0,11.0,11.0,22.0,16.0,12.0,167.0
ko00710,8.0,10.0,11.0,8.0,7.0,9.0,8.0,12.0,11.0,11.0,11.0,8.0,7.0,9.0,12.0,11.0,9.0,9.0,10.0,11.0,11.0,8.0,12.0,10.0,12.0,12.0,10.0,8.0,11.0,8.0,8.0,10.0,9.0,7.0,36.0
ko00720,14.0,27.0,24.0,13.0,13.0,15.0,14.0,24.0,23.0,22.0,19.0,17.0,13.0,15.0,24.0,19.0,15.0,15.0,14.0,19.0,25.0,11.0,19.0,17.0,24.0,24.0,14.0,13.0,19.0,14.0,11.0,28.0,16.0,12.0,106.0
ko00730,9.0,15.0,13.0,7.0,11.0,10.0,11.0,12.0,12.0,9.0,9.0,12.0,11.0,10.0,12.0,8.0,10.0,10.0,10.0,8.0,9.0,9.0,11.0,7.0,12.0,12.0,10.0,9.0,8.0,11.0,9.0,13.0,10.0,11.0,33.0
ko00740,4.0,9.0,6.0,1.0,1.0,5.0,1.0,6.0,6.0,7.0,8.0,6.0,1.0,5.0,6.0,8.0,5.0,5.0,6.0,8.0,7.0,1.0,6.0,5.0,6.0,6.0,6.0,4.0,8.0,1.0,1.0,7.0,6.0,1.0,42.0
ko00750,3.0,5.0,4.0,2.0,3.0,3.0,3.0,4.0,4.0,6.0,5.0,7.0,3.0,3.0,4.0,5.0,3.0,3.0,5.0,5.0,6.0,3.0,4.0,6.0,4.0,4.0,5.0,3.0,5.0,3.0,4.0,5.0,5.0,3.0,23.0
ko00760,9.0,14.0,7.0,8.0,9.0,7.0,10.0,8.0,9.0,15.0,11.0,13.0,9.0,7.0,8.0,11.0,7.0,7.0,12.0,11.0,16.0,7.0,11.0,8.0,9.0,8.0,12.0,8.0,11.0,9.0,8.0,12.0,11.0,9.0,89.0
ko00770,13.0,18.0,14.0,7.0,8.0,13.0,7.0,14.0,14.0,13.0,14.0,14.0,8.0,12.0,15.0,14.0,13.0,12.0,14.0,14.0,14.0,11.0,15.0,13.0,15.0,14.0,14.0,13.0,14.0,7.0,12.0,19.0,10.0,8.0,37.0
ko00780,3.0,10.0,6.0,5.0,5.0,5.0,5.0,6.0,6.0,11.0,12.0,9.0,5.0,5.0,6.0,12.0,5.0,5.0,7.0,11.0,11.0,5.0,5.0,4.0,6.0,6.0,4.0,3.0,11.0,5.0,4.0,5.0,5.0,5.0,23.0
ko00785,2.0,2.0,2.0,0.0,1.0,1.0,1.0,2.0,2.0,2.0,2.0,3.0,1.0,1.0,2.0,2.0,1.0,1.0,3.0,2.0,2.0,1.0,2.0,3.0,2.0,2.0,3.0,2.0,2.0,1.0,1.0,2.0,2.0,1.0,4.0
ko00790,13.0,19.0,17.0,2.0,5.0,6.0,5.0,17.0,17.0,17.0,15.0,11.0,5.0,6.0,17.0,15.0,6.0,5.0,10.0,15.0,19.0,2.0,20.0,6.0,17.0,17.0,10.0,13.0,15.0,5.0,10.0,21.0,14.0,5.0,57.0
ko00791,0.0,3.0,3.0,0.0,0.0,0.0,0.0,3.0,0.0,0.0,2.0,3.0,0.0,0.0,3.0,2.0,0.0,0.0,0.0,0.0,2.0,0.0,1.0,1.0,3.0,3.0,0.0,0.0,0.0,0.0,0.0,0.0,0.0,0.0,15.0
ko00830,1.0,2.0,1.0,0.0,1.0,1.0,1.0,0.0,1.0,1.0,2.0,3.0,1.0,1.0,1.0,2.0,1.0,1.0,1.0,2.0,1.0,1.0,1.0,2.0,0.0,0.0,1.0,1.0,2.0,1.0,1.0,1.0,1.0,1.0,48.0
ko00860,14.0,35.0,13.0,1.0,3.0,3.0,3.0,12.0,14.0,16.0,36.0,12.0,3.0,3.0,12.0,36.0,3.0,3.0,14.0,36.0,13.0,2.0,14.0,14.0,13.0,14.0,14.0,14.0,36.0,3.0,2.0,20.0,15.0,3.0,119.0
ko00900,11.0,12.0,11.0,11.0,11.0,12.0,11.0,11.0,11.0,11.0,9.0,13.0,11.0,12.0,11.0,8.0,12.0,12.0,13.0,8.0,11.0,9.0,15.0,11.0,11.0,11.0,13.0,11.0,8.0,11.0,9.0,12.0,13.0,10.0,57.0
ko00903,0.0,2.0,1.0,0.0,0.0,0.0,0.0,2.0,1.0,2.0,2.0,3.0,0.0,0.0,1.0,2.0,0.0,0.0,3.0,2.0,2.0,0.0,0.0,2.0,1.0,1.0,3.0,0.0,2.0,0.0,0.0,1.0,1.0,0.0,13.0
ko00906,0.0,0.0,0.0,0.0,0.0,1.0,0.0,4.0,3.0,1.0,1.0,1.0,0.0,0.0,4.0,1.0,1.0,0.0,0.0,1.0,0.0,0.0,2.0,0.0,4.0,4.0,0.0,0.0,1.0,0.0,0.0,4.0,0.0,0.0,46.0
ko00908,1.0,1.0,1.0,1.0,1.0,1.0,1.0,1.0,1.0,1.0,1.0,1.0,1.0,1.0,1.0,1.0,1.0,1.0,1.0,1.0,1.0,1.0,1.0,1.0,1.0,1.0,1.0,1.0,1.0,1.0,1.0,1.0,1.0,1.0,8.0
ko00909,0.0,2.0,0.0,0.0,0.0,0.0,0.0,0.0,0.0,0.0,1.0,0.0,0.0,0.0,0.0,1.0,0.0,0.0,0.0,1.0,0.0,0.0,0.0,2.0,0.0,0.0,0.0,0.0,1.0,0.0,0.0,2.0,0.0,0.0,69.0
ko00910,11.0,12.0,11.0,2.0,4.0,3.0,4.0,12.0,12.0,6.0,9.0,8.0,4.0,3.0,12.0,10.0,3.0,3.0,7.0,5.0,11.0,2.0,14.0,5.0,13.0,13.0,7.0,11.0,5.0,4.0,3.0,5.0,6.0,4.0,60.0
ko00920,6.0,23.0,10.0,3.0,3.0,5.0,3.0,11.0,10.0,6.0,16.0,10.0,3.0,5.0,11.0,16.0,5.0,5.0,11.0,20.0,17.0,4.0,7.0,11.0,12.0,10.0,13.0,3.0,20.0,3.0,5.0,13.0,11.0,3.0,99.0
ko00930,0.0,2.0,0.0,0.0,0.0,0.0,0.0,1.0,0.0,1.0,3.0,2.0,0.0,0.0,0.0,3.0,0.0,0.0,2.0,3.0,2.0,0.0,0.0,1.0,0.0,0.0,2.0,0.0,3.0,0.0,0.0,0.0,1.0,0.0,22.0
ko00940,0.0,0.0,0.0,0.0,0.0,0.0,1.0,0.0,0.0,2.0,0.0,1.0,0.0,0.0,0.0,0.0,0.0,0.0,0.0,0.0,0.0,1.0,0.0,2.0,0.0,0.0,0.0,0.0,0.0,0.0,0.0,1.0,0.0,0.0,34.0
ko00943,0.0,1.0,0.0,0.0,0.0,0.0,0.0,0.0,0.0,0.0,0.0,0.0,0.0,0.0,0.0,0.0,0.0,0.0,0.0,0.0,0.0,0.0,0.0,0.0,0.0,0.0,0.0,0.0,0.0,0.0,0.0,0.0,0.0,0.0,14.0
ko00944,0.0,0.0,0.0,0.0,1.0,0.0,1.0,0.0,1.0,0.0,0.0,0.0,1.0,0.0,0.0,0.0,0.0,0.0,0.0,0.0,0.0,0.0,0.0,0.0,0.0,1.0,0.0,0.0,0.0,1.0,0.0,0.0,0.0,1.0,12.0
ko00950,0.0,3.0,0.0,0.0,1.0,1.0,0.0,0.0,0.0,1.0,2.0,1.0,1.0,1.0,0.0,2.0,1.0,1.0,0.0,1.0,1.0,1.0,0.0,2.0,0.0,0.0,0.0,0.0,1.0,1.0,1.0,2.0,0.0,1.0,45.0
ko00960,1.0,3.0,1.0,0.0,2.0,2.0,1.0,1.0,1.0,3.0,3.0,2.0,2.0,2.0,1.0,3.0,2.0,2.0,1.0,3.0,2.0,2.0,1.0,3.0,1.0,1.0,1.0,1.0,3.0,2.0,1.0,2.0,1.0,2.0,26.0
ko00965,0.0,1.0,0.0,0.0,0.0,0.0,0.0,0.0,0.0,1.0,0.0,0.0,0.0,0.0,0.0,0.0,0.0,0.0,0.0,0.0,1.0,0.0,0.0,1.0,0.0,0.0,0.0,0.0,0.0,0.0,0.0,0.0,0.0,0.0,7.0
ko00966,1.0,1.0,1.0,0.0,0.0,1.0,0.0,1.0,1.0,1.0,1.0,1.0,0.0,1.0,1.0,1.0,1.0,1.0,1.0,1.0,1.0,1.0,1.0,1.0,1.0,1.0,1.0,1.0,1.0,0.0,1.0,1.0,1.0,0.0,19.0
ko00970,23.0,27.0,24.0,25.0,25.0,25.0,25.0,24.0,24.0,23.0,24.0,22.0,25.0,25.0,24.0,24.0,25.0,25.0,23.0,24.0,25.0,25.0,24.0,24.0,24.0,24.0,23.0,23.0,24.0,25.0,25.0,27.0,24.0,25.0,63.0
ko00980,1.0,2.0,1.0,0.0,1.0,1.0,1.0,0.0,1.0,2.0,3.0,3.0,1.0,1.0,1.0,3.0,1.0,1.0,1.0,3.0,2.0,1.0,1.0,3.0,0.0,0.0,1.0,1.0,3.0,1.0,1.0,1.0,1.0,1.0,33.0
ko00981,0.0,1.0,1.0,0.0,0.0,0.0,0.0,1.0,1.0,1.0,1.0,1.0,0.0,0.0,1.0,1.0,0.0,0.0,1.0,1.0,0.0,0.0,0.0,1.0,1.0,1.0,1.0,0.0,1.0,0.0,0.0,1.0,0.0,0.0,18.0
ko00982,1.0,3.0,1.0,0.0,1.0,1.0,1.0,0.0,1.0,2.0,4.0,3.0,1.0,1.0,1.0,4.0,1.0,1.0,1.0,3.0,2.0,1.0,1.0,3.0,0.0,0.0,1.0,1.0,3.0,1.0,1.0,2.0,1.0,1.0,24.0
ko00983,3.0,7.0,6.0,5.0,6.0,7.0,6.0,6.0,7.0,4.0,3.0,7.0,6.0,7.0,6.0,3.0,7.0,7.0,7.0,3.0,3.0,5.0,6.0,5.0,6.0,7.0,7.0,3.0,3.0,6.0,6.0,8.0,4.0,6.0,22.0
ko00984,0.0,0.0,0.0,0.0,0.0,0.0,0.0,0.0,0.0,0.0,0.0,0.0,0.0,0.0,0.0,0.0,0.0,0.0,0.0,0.0,1.0,0.0,0.0,0.0,0.0,0.0,0.0,0.0,0.0,0.0,0.0,0.0,0.0,0.0,15.0
ko01040,2.0,1.0,1.0,2.0,1.0,1.0,1.0,1.0,1.0,5.0,2.0,4.0,1.0,1.0,1.0,2.0,1.0,1.0,4.0,2.0,5.0,1.0,2.0,4.0,1.0,1.0,4.0,2.0,2.0,1.0,1.0,1.0,2.0,1.0,27.0
ko01051,1.0,1.0,1.0,0.0,0.0,1.0,0.0,1.0,1.0,1.0,1.0,1.0,0.0,1.0,1.0,1.0,1.0,1.0,1.0,1.0,1.0,1.0,1.0,1.0,1.0,1.0,1.0,1.0,1.0,0.0,1.0,1.0,1.0,0.0,32.0
ko01053,5.0,1.0,1.0,0.0,0.0,1.0,0.0,1.0,1.0,5.0,0.0,2.0,0.0,1.0,1.0,0.0,1.0,1.0,1.0,0.0,0.0,1.0,5.0,0.0,4.0,1.0,1.0,5.0,0.0,0.0,0.0,1.0,1.0,0.0,30.0
ko01054,1.0,1.0,0.0,1.0,1.0,1.0,1.0,0.0,0.0,0.0,1.0,1.0,1.0,1.0,0.0,1.0,1.0,1.0,0.0,0.0,0.0,0.0,1.0,0.0,0.0,0.0,0.0,1.0,0.0,1.0,0.0,1.0,0.0,1.0,54.0
ko01055,1.0,1.0,0.0,0.0,1.0,1.0,1.0,0.0,0.0,1.0,0.0,0.0,1.0,1.0,0.0,0.0,1.0,1.0,1.0,1.0,0.0,0.0,1.0,1.0,0.0,0.0,1.0,1.0,1.0,1.0,0.0,1.0,1.0,1.0,29.0
ko01057,0.0,0.0,0.0,0.0,0.0,0.0,0.0,0.0,0.0,0.0,0.0,1.0,0.0,0.0,0.0,0.0,0.0,0.0,0.0,0.0,0.0,0.0,0.0,0.0,0.0,0.0,0.0,0.0,0.0,0.0,0.0,0.0,0.0,0.0,72.0
ko01200,52.0,86.0,72.0,35.0,43.0,52.0,42.0,73.0,73.0,76.0,64.0,73.0,43.0,52.0,74.0,68.0,52.0,52.0,62.0,63.0,67.0,39.0,66.0,65.0,74.0,75.0,63.0,51.0,63.0,43.0,39.0,88.0,61.0,42.0,293.0
ko01210,13.0,22.0,15.0,3.0,11.0,21.0,8.0,14.0,15.0,20.0,20.0,21.0,11.0,21.0,15.0,20.0,21.0,21.0,20.0,20.0,23.0,16.0,15.0,19.0,19.0,19.0,20.0,13.0,20.0,9.0,13.0,20.0,19.0,11.0,56.0
ko01212,6.0,19.0,11.0,11.0,11.0,12.0,11.0,11.0,11.0,19.0,13.0,14.0,11.0,12.0,11.0,13.0,12.0,12.0,10.0,12.0,16.0,10.0,9.0,11.0,11.0,12.0,10.0,6.0,12.0,11.0,10.0,18.0,7.0,10.0,59.0
ko01220,1.0,11.0,3.0,4.0,5.0,4.0,4.0,3.0,3.0,3.0,3.0,17.0,5.0,4.0,3.0,3.0,4.0,4.0,5.0,3.0,4.0,3.0,5.0,3.0,3.0,2.0,10.0,2.0,3.0,4.0,4.0,6.0,1.0,5.0,138.0
ko01230,69.0,113.0,85.0,36.0,80.0,93.0,74.0,84.0,85.0,92.0,91.0,95.0,80.0,93.0,85.0,93.0,93.0,93.0,99.0,93.0,90.0,79.0,83.0,79.0,96.0,89.0,98.0,69.0,93.0,74.0,70.0,107.0,93.0,80.0,194.0
ko01501,1.0,14.0,9.0,9.0,9.0,11.0,10.0,10.0,11.0,12.0,7.0,8.0,9.0,11.0,5.0,8.0,11.0,11.0,1.0,7.0,9.0,7.0,3.0,0.0,5.0,8.0,1.0,1.0,7.0,10.0,9.0,11.0,2.0,9.0,18.0
ko01502,6.0,6.0,6.0,5.0,6.0,6.0,6.0,5.0,6.0,7.0,5.0,8.0,6.0,6.0,6.0,5.0,6.0,6.0,6.0,5.0,5.0,6.0,6.0,0.0,5.0,7.0,6.0,6.0,5.0,6.0,7.0,7.0,5.0,6.0,16.0
ko01503,1.0,2.0,7.0,5.0,3.0,6.0,7.0,7.0,7.0,11.0,7.0,2.0,3.0,6.0,7.0,7.0,6.0,6.0,1.0,7.0,6.0,8.0,3.0,1.0,7.0,7.0,1.0,1.0,7.0,7.0,7.0,2.0,2.0,3.0,31.0
ko01521,0.0,0.0,0.0,0.0,0.0,0.0,0.0,0.0,0.0,0.0,0.0,0.0,0.0,0.0,0.0,0.0,0.0,0.0,0.0,0.0,0.0,0.0,0.0,1.0,0.0,0.0,0.0,0.0,0.0,0.0,0.0,0.0,0.0,0.0,
ko01523,5.0,5.0,5.0,5.0,5.0,5.0,5.0,5.0,5.0,5.0,3.0,3.0,5.0,5.0,5.0,3.0,5.0,5.0,4.0,3.0,5.0,5.0,5.0,5.0,5.0,5.0,4.0,5.0,3.0,5.0,5.0,5.0,5.0,5.0,
ko01524,1.0,1.0,1.0,1.0,1.0,1.0,1.0,1.0,1.0,3.0,3.0,1.0,1.0,1.0,1.0,3.0,1.0,1.0,1.0,3.0,3.0,0.0,1.0,3.0,1.0,1.0,1.0,1.0,3.0,0.0,1.0,1.0,1.0,1.0,
ko02010,28.0,85.0,49.0,42.0,47.0,56.0,47.0,59.0,58.0,46.0,43.0,54.0,47.0,56.0,56.0,44.0,56.0,56.0,31.0,38.0,54.0,40.0,49.0,3.0,57.0,53.0,36.0,25.0,38.0,44.0,56.0,101.0,34.0,47.0,477.0
ko02020,21.0,63.0,43.0,20.0,17.0,30.0,21.0,45.0,47.0,78.0,43.0,27.0,17.0,29.0,45.0,43.0,30.0,29.0,20.0,39.0,54.0,26.0,38.0,9.0,46.0,43.0,20.0,21.0,39.0,21.0,23.0,65.0,26.0,16.0,479.0
ko02024,21.0,45.0,32.0,23.0,25.0,34.0,26.0,34.0,33.0,27.0,27.0,31.0,25.0,32.0,29.0,28.0,34.0,32.0,21.0,27.0,24.0,28.0,28.0,10.0,31.0,34.0,21.0,21.0,27.0,26.0,31.0,44.0,24.0,25.0,282.0
ko02025,2.0,5.0,2.0,0.0,2.0,2.0,2.0,2.0,2.0,14.0,2.0,2.0,2.0,2.0,2.0,2.0,2.0,2.0,2.0,3.0,10.0,2.0,3.0,1.0,2.0,2.0,2.0,2.0,3.0,2.0,2.0,5.0,3.0,2.0,89.0
ko02026,2.0,6.0,2.0,6.0,1.0,5.0,2.0,4.0,2.0,15.0,6.0,0.0,1.0,5.0,4.0,6.0,5.0,5.0,1.0,6.0,7.0,3.0,2.0,1.0,3.0,2.0,1.0,2.0,6.0,2.0,4.0,9.0,5.0,1.0,61.0
ko02030,0.0,8.0,0.0,1.0,0.0,1.0,0.0,0.0,1.0,14.0,13.0,1.0,0.0,1.0,0.0,12.0,1.0,1.0,0.0,11.0,1.0,0.0,0.0,0.0,0.0,0.0,0.0,0.0,11.0,0.0,0.0,18.0,1.0,0.0,26.0
ko02040,0.0,7.0,0.0,0.0,0.0,0.0,0.0,0.0,0.0,32.0,26.0,0.0,0.0,0.0,0.0,26.0,0.0,0.0,0.0,26.0,0.0,0.0,0.0,0.0,0.0,0.0,0.0,0.0,26.0,0.0,0.0,29.0,0.0,0.0,40.0
ko02060,17.0,29.0,16.0,27.0,7.0,20.0,8.0,18.0,22.0,3.0,0.0,4.0,7.0,20.0,18.0,0.0,20.0,23.0,0.0,0.0,0.0,14.0,21.0,0.0,19.0,19.0,0.0,14.0,0.0,8.0,13.0,25.0,11.0,7.0,91.0
ko03008,2.0,1.0,1.0,1.0,1.0,1.0,1.0,1.0,1.0,3.0,1.0,2.0,1.0,1.0,1.0,1.0,1.0,1.0,2.0,1.0,2.0,1.0,2.0,14.0,1.0,1.0,2.0,2.0,1.0,1.0,1.0,1.0,2.0,1.0,82.0
ko03010,53.0,54.0,55.0,53.0,53.0,52.0,52.0,55.0,55.0,54.0,52.0,53.0,52.0,52.0,55.0,53.0,52.0,52.0,53.0,54.0,54.0,53.0,52.0,61.0,55.0,55.0,53.0,53.0,54.0,52.0,53.0,54.0,53.0,52.0,143.0
ko03013,0.0,2.0,2.0,2.0,2.0,2.0,2.0,2.0,2.0,1.0,0.0,0.0,2.0,2.0,2.0,0.0,2.0,2.0,0.0,0.0,2.0,2.0,0.0,10.0,2.0,2.0,0.0,0.0,0.0,2.0,2.0,2.0,0.0,2.0,138.0
ko03015,0.0,0.0,0.0,0.0,0.0,0.0,0.0,0.0,0.0,0.0,0.0,0.0,0.0,0.0,0.0,0.0,0.0,0.0,0.0,0.0,0.0,0.0,0.0,2.0,0.0,0.0,0.0,0.0,0.0,0.0,0.0,0.0,0.0,0.0,59.0
ko03018,12.0,12.0,13.0,9.0,9.0,11.0,9.0,13.0,13.0,16.0,15.0,12.0,9.0,11.0,13.0,15.0,11.0,11.0,11.0,15.0,12.0,9.0,12.0,11.0,13.0,13.0,11.0,12.0,15.0,9.0,9.0,14.0,10.0,9.0,78.0
ko03020,4.0,5.0,5.0,5.0,5.0,5.0,5.0,5.0,5.0,4.0,4.0,4.0,5.0,5.0,5.0,4.0,5.0,5.0,4.0,4.0,4.0,5.0,5.0,6.0,5.0,5.0,4.0,4.0,4.0,5.0,5.0,5.0,4.0,5.0,51.0
ko03022,0.0,0.0,0.0,0.0,0.0,0.0,0.0,0.0,0.0,0.0,0.0,1.0,0.0,0.0,0.0,0.0,0.0,0.0,0.0,0.0,0.0,0.0,0.0,4.0,0.0,0.0,0.0,0.0,0.0,0.0,0.0,0.0,1.0,0.0,35.0
ko03030,13.0,15.0,15.0,14.0,14.0,14.0,14.0,15.0,15.0,15.0,14.0,13.0,14.0,14.0,15.0,14.0,14.0,14.0,11.0,14.0,13.0,15.0,14.0,11.0,15.0,15.0,10.0,13.0,14.0,14.0,14.0,15.0,12.0,14.0,59.0
ko03050,1.0,0.0,0.0,0.0,0.0,0.0,0.0,0.0,0.0,0.0,0.0,3.0,0.0,0.0,0.0,0.0,0.0,0.0,1.0,0.0,0.0,0.0,1.0,3.0,0.0,0.0,1.0,1.0,0.0,0.0,0.0,0.0,1.0,0.0,48.0
ko03060,15.0,13.0,13.0,10.0,10.0,10.0,9.0,13.0,13.0,16.0,16.0,16.0,10.0,10.0,13.0,16.0,10.0,10.0,15.0,16.0,16.0,9.0,16.0,6.0,13.0,14.0,14.0,15.0,16.0,10.0,12.0,14.0,15.0,10.0,39.0
ko03070,13.0,12.0,11.0,8.0,8.0,9.0,7.0,11.0,11.0,46.0,23.0,14.0,8.0,9.0,11.0,23.0,9.0,9.0,13.0,16.0,23.0,8.0,14.0,4.0,11.0,12.0,12.0,13.0,16.0,8.0,11.0,11.0,13.0,8.0,74.0
ko03320,3.0,3.0,1.0,1.0,1.0,1.0,1.0,1.0,1.0,3.0,1.0,5.0,1.0,1.0,1.0,1.0,1.0,1.0,4.0,1.0,3.0,0.0,3.0,5.0,1.0,1.0,4.0,3.0,1.0,1.0,1.0,3.0,3.0,1.0,61.0
ko03410,9.0,12.0,10.0,9.0,10.0,10.0,10.0,10.0,10.0,14.0,8.0,10.0,10.0,9.0,10.0,8.0,9.0,9.0,10.0,8.0,9.0,8.0,9.0,9.0,10.0,10.0,10.0,9.0,8.0,10.0,9.0,12.0,10.0,10.0,41.0
ko03420,7.0,7.0,7.0,7.0,7.0,7.0,7.0,7.0,7.0,8.0,7.0,8.0,7.0,7.0,7.0,7.0,7.0,7.0,6.0,7.0,6.0,7.0,7.0,5.0,7.0,7.0,6.0,7.0,7.0,7.0,7.0,7.0,8.0,7.0,47.0
ko03430,11.0,17.0,16.0,16.0,16.0,17.0,16.0,16.0,16.0,17.0,15.0,11.0,16.0,16.0,17.0,15.0,16.0,16.0,11.0,15.0,16.0,16.0,12.0,6.0,16.0,16.0,9.0,11.0,15.0,16.0,16.0,16.0,12.0,16.0,44.0
ko03440,17.0,19.0,19.0,19.0,19.0,19.0,19.0,19.0,19.0,22.0,19.0,17.0,19.0,19.0,19.0,19.0,19.0,19.0,17.0,19.0,22.0,19.0,18.0,1.0,19.0,19.0,16.0,17.0,19.0,19.0,19.0,19.0,17.0,19.0,72.0
ko03450,0.0,2.0,0.0,0.0,0.0,0.0,0.0,0.0,0.0,2.0,0.0,1.0,0.0,0.0,0.0,0.0,0.0,0.0,0.0,0.0,0.0,0.0,0.0,1.0,0.0,0.0,0.0,0.0,0.0,0.0,0.0,1.0,0.0,0.0,19.0
ko03460,0.0,0.0,0.0,0.0,0.0,0.0,0.0,0.0,0.0,0.0,0.0,0.0,0.0,0.0,0.0,0.0,0.0,0.0,0.0,0.0,0.0,0.0,0.0,1.0,0.0,0.0,0.0,0.0,0.0,0.0,0.0,0.0,0.0,0.0,54.0
ko04011,1.0,1.0,1.0,0.0,0.0,0.0,0.0,1.0,1.0,1.0,1.0,1.0,0.0,0.0,1.0,1.0,0.0,0.0,1.0,1.0,1.0,0.0,1.0,1.0,1.0,1.0,1.0,1.0,1.0,0.0,0.0,1.0,1.0,0.0,90.0
ko04013,1.0,1.0,1.0,0.0,0.0,1.0,0.0,1.0,1.0,1.0,1.0,1.0,0.0,1.0,1.0,1.0,1.0,1.0,1.0,1.0,1.0,0.0,1.0,1.0,1.0,1.0,1.0,1.0,1.0,0.0,1.0,1.0,1.0,0.0,84.0
ko04016,3.0,3.0,3.0,1.0,1.0,1.0,1.0,3.0,3.0,3.0,3.0,3.0,1.0,1.0,3.0,3.0,1.0,1.0,3.0,3.0,3.0,1.0,3.0,3.0,3.0,3.0,3.0,3.0,3.0,0.0,2.0,3.0,3.0,1.0,54.0
ko04020,0.0,1.0,0.0,0.0,0.0,0.0,0.0,0.0,0.0,0.0,0.0,0.0,0.0,0.0,0.0,0.0,0.0,0.0,0.0,0.0,0.0,0.0,0.0,0.0,0.0,0.0,0.0,0.0,0.0,0.0,0.0,0.0,0.0,0.0,142.0
ko04024,0.0,0.0,0.0,0.0,0.0,0.0,0.0,0.0,0.0,0.0,0.0,1.0,0.0,0.0,0.0,0.0,0.0,0.0,1.0,0.0,0.0,0.0,0.0,1.0,0.0,0.0,1.0,0.0,0.0,0.0,0.0,0.0,0.0,0.0,146.0
ko04066,5.0,4.0,4.0,2.0,4.0,4.0,4.0,4.0,4.0,4.0,4.0,5.0,4.0,4.0,4.0,4.0,4.0,4.0,4.0,4.0,2.0,4.0,5.0,7.0,4.0,4.0,4.0,5.0,4.0,4.0,4.0,4.0,2.0,4.0,72.0
ko04068,3.0,2.0,2.0,0.0,0.0,1.0,0.0,2.0,2.0,2.0,2.0,3.0,0.0,1.0,2.0,2.0,1.0,1.0,3.0,2.0,2.0,0.0,3.0,2.0,2.0,2.0,3.0,3.0,2.0,0.0,1.0,2.0,3.0,0.0,102.0
ko04070,1.0,2.0,2.0,1.0,2.0,2.0,2.0,2.0,2.0,3.0,2.0,2.0,2.0,2.0,2.0,2.0,2.0,2.0,2.0,2.0,3.0,2.0,2.0,1.0,2.0,2.0,2.0,1.0,2.0,2.0,2.0,2.0,2.0,2.0,55.0
ko04071,0.0,0.0,0.0,0.0,0.0,0.0,0.0,0.0,0.0,0.0,0.0,0.0,0.0,0.0,0.0,0.0,0.0,0.0,0.0,0.0,0.0,0.0,0.0,1.0,0.0,0.0,0.0,0.0,0.0,0.0,0.0,0.0,0.0,0.0,78.0
ko04072,0.0,0.0,0.0,0.0,0.0,0.0,0.0,0.0,0.0,1.0,0.0,0.0,0.0,0.0,0.0,0.0,0.0,0.0,0.0,0.0,1.0,0.0,0.0,0.0,0.0,0.0,0.0,0.0,0.0,0.0,0.0,0.0,0.0,0.0,102.0
ko04080,0.0,0.0,1.0,0.0,1.0,1.0,0.0,0.0,1.0,0.0,0.0,0.0,1.0,1.0,0.0,0.0,1.0,1.0,0.0,0.0,0.0,0.0,0.0,1.0,0.0,1.0,0.0,0.0,0.0,0.0,0.0,0.0,0.0,1.0,252.0
ko04110,0.0,0.0,0.0,0.0,0.0,0.0,0.0,0.0,0.0,0.0,0.0,0.0,0.0,0.0,0.0,0.0,0.0,0.0,0.0,0.0,0.0,0.0,0.0,1.0,0.0,0.0,0.0,0.0,0.0,0.0,0.0,0.0,0.0,0.0,109.0
ko04112,8.0,11.0,10.0,10.0,10.0,10.0,10.0,10.0,10.0,12.0,14.0,8.0,10.0,10.0,10.0,15.0,10.0,10.0,8.0,14.0,11.0,10.0,8.0,2.0,10.0,10.0,8.0,8.0,14.0,10.0,10.0,11.0,8.0,10.0,31.0
ko04113,1.0,0.0,0.0,0.0,0.0,0.0,0.0,0.0,0.0,0.0,0.0,1.0,0.0,0.0,0.0,0.0,0.0,0.0,1.0,0.0,0.0,0.0,1.0,0.0,0.0,0.0,1.0,1.0,0.0,0.0,0.0,0.0,1.0,0.0,99.0
ko04115,0.0,0.0,0.0,0.0,0.0,0.0,0.0,0.0,0.0,1.0,1.0,0.0,0.0,0.0,0.0,1.0,0.0,0.0,0.0,1.0,1.0,0.0,0.0,1.0,0.0,0.0,0.0,0.0,1.0,0.0,0.0,0.0,0.0,0.0,62.0
ko04122,7.0,10.0,9.0,3.0,5.0,3.0,5.0,9.0,9.0,7.0,10.0,8.0,5.0,3.0,9.0,10.0,3.0,3.0,5.0,10.0,11.0,2.0,8.0,4.0,9.0,9.0,5.0,7.0,10.0,4.0,3.0,10.0,7.0,5.0,28.0
ko04138,1.0,1.0,0.0,0.0,0.0,0.0,0.0,0.0,0.0,0.0,0.0,1.0,0.0,0.0,0.0,0.0,0.0,0.0,1.0,0.0,0.0,0.0,1.0,2.0,0.0,0.0,1.0,1.0,0.0,0.0,0.0,1.0,0.0,0.0,77.0
ko04140,0.0,0.0,0.0,0.0,0.0,0.0,0.0,0.0,0.0,0.0,0.0,0.0,0.0,0.0,0.0,0.0,0.0,0.0,0.0,0.0,0.0,0.0,0.0,1.0,0.0,0.0,0.0,0.0,0.0,0.0,0.0,0.0,0.0,0.0,100.0
ko04141,0.0,1.0,1.0,1.0,1.0,0.0,1.0,1.0,1.0,1.0,1.0,1.0,1.0,0.0,1.0,1.0,0.0,0.0,1.0,1.0,1.0,0.0,0.0,5.0,1.0,1.0,1.0,0.0,1.0,1.0,0.0,2.0,1.0,1.0,140.0
ko04142,0.0,0.0,0.0,0.0,1.0,1.0,2.0,0.0,1.0,3.0,1.0,0.0,1.0,1.0,0.0,1.0,1.0,1.0,0.0,1.0,0.0,0.0,0.0,0.0,0.0,1.0,0.0,0.0,1.0,2.0,2.0,0.0,0.0,1.0,103.0
ko04146,4.0,6.0,4.0,1.0,1.0,3.0,2.0,4.0,4.0,7.0,4.0,9.0,1.0,3.0,4.0,4.0,3.0,4.0,6.0,4.0,7.0,1.0,5.0,10.0,4.0,4.0,6.0,4.0,4.0,2.0,2.0,5.0,5.0,1.0,72.0
ko04150,0.0,0.0,0.0,0.0,0.0,0.0,0.0,0.0,0.0,0.0,0.0,0.0,0.0,0.0,0.0,0.0,0.0,0.0,0.0,0.0,0.0,0.0,0.0,1.0,0.0,0.0,0.0,0.0,0.0,0.0,0.0,0.0,0.0,0.0,114.0
ko04151,1.0,0.0,0.0,0.0,0.0,0.0,0.0,0.0,0.0,1.0,1.0,1.0,0.0,0.0,0.0,1.0,0.0,0.0,1.0,1.0,1.0,0.0,1.0,3.0,0.0,0.0,1.0,1.0,1.0,0.0,0.0,1.0,1.0,0.0,242.0
ko04152,2.0,1.0,1.0,1.0,0.0,1.0,0.0,1.0,1.0,3.0,0.0,2.0,0.0,1.0,1.0,0.0,1.0,1.0,2.0,0.0,2.0,0.0,2.0,6.0,1.0,1.0,2.0,2.0,0.0,0.0,1.0,1.0,2.0,0.0,84.0
ko04210,0.0,0.0,0.0,0.0,0.0,1.0,0.0,0.0,0.0,1.0,1.0,0.0,0.0,0.0,0.0,1.0,0.0,0.0,0.0,2.0,2.0,0.0,0.0,3.0,0.0,0.0,0.0,0.0,2.0,0.0,0.0,0.0,0.0,0.0,109.0
ko04211,2.0,2.0,2.0,0.0,0.0,1.0,0.0,2.0,2.0,2.0,2.0,2.0,0.0,1.0,2.0,2.0,1.0,1.0,2.0,2.0,2.0,0.0,2.0,2.0,2.0,2.0,2.0,2.0,2.0,0.0,1.0,2.0,2.0,0.0,68.0
ko04212,5.0,5.0,5.0,3.0,3.0,5.0,3.0,5.0,5.0,6.0,5.0,5.0,3.0,4.0,5.0,5.0,4.0,4.0,5.0,5.0,6.0,3.0,5.0,5.0,5.0,5.0,5.0,5.0,5.0,3.0,4.0,5.0,5.0,3.0,55.0
ko04213,4.0,4.0,3.0,0.0,1.0,2.0,1.0,3.0,3.0,4.0,4.0,4.0,1.0,2.0,3.0,4.0,2.0,2.0,4.0,4.0,3.0,0.0,4.0,4.0,3.0,3.0,4.0,4.0,4.0,1.0,1.0,3.0,4.0,1.0,58.0
ko04214,1.0,1.0,2.0,0.0,2.0,3.0,1.0,1.0,2.0,2.0,2.0,0.0,2.0,2.0,1.0,2.0,2.0,2.0,0.0,2.0,2.0,1.0,1.0,3.0,1.0,2.0,0.0,1.0,2.0,1.0,0.0,1.0,1.0,2.0,56.0
ko04215,0.0,0.0,0.0,0.0,0.0,0.0,0.0,0.0,0.0,1.0,1.0,0.0,0.0,0.0,0.0,1.0,0.0,0.0,0.0,1.0,1.0,0.0,0.0,1.0,0.0,0.0,0.0,0.0,1.0,0.0,0.0,0.0,0.0,0.0,39.0
ko04216,2.0,2.0,1.0,0.0,0.0,1.0,0.0,1.0,1.0,1.0,0.0,2.0,0.0,1.0,1.0,0.0,1.0,1.0,1.0,0.0,1.0,1.0,3.0,2.0,1.0,1.0,1.0,2.0,0.0,0.0,0.0,2.0,1.0,0.0,33.0
ko04217,2.0,1.0,1.0,2.0,1.0,4.0,1.0,1.0,1.0,2.0,2.0,3.0,1.0,3.0,1.0,2.0,3.0,3.0,3.0,2.0,2.0,2.0,2.0,4.0,1.0,1.0,3.0,2.0,2.0,1.0,3.0,3.0,3.0,1.0,96.0
ko04260,0.0,0.0,0.0,0.0,0.0,0.0,0.0,0.0,0.0,3.0,3.0,0.0,0.0,0.0,0.0,3.0,0.0,0.0,0.0,3.0,3.0,0.0,0.0,2.0,0.0,1.0,0.0,0.0,3.0,0.0,0.0,0.0,0.0,0.0,60.0
ko04371,0.0,0.0,0.0,0.0,0.0,0.0,0.0,0.0,0.0,0.0,0.0,0.0,0.0,0.0,0.0,0.0,0.0,0.0,0.0,0.0,0.0,0.0,0.0,1.0,0.0,0.0,0.0,0.0,0.0,0.0,0.0,0.0,0.0,0.0,103.0
ko04530,0.0,0.0,0.0,0.0,0.0,0.0,0.0,0.0,0.0,0.0,0.0,0.0,0.0,0.0,0.0,0.0,0.0,0.0,0.0,0.0,0.0,0.0,0.0,1.0,0.0,0.0,0.0,0.0,0.0,0.0,0.0,0.0,0.0,0.0,101.0
ko04612,0.0,0.0,0.0,0.0,0.0,0.0,0.0,0.0,0.0,1.0,1.0,0.0,0.0,0.0,0.0,1.0,0.0,0.0,0.0,1.0,1.0,0.0,0.0,1.0,0.0,0.0,0.0,0.0,1.0,0.0,0.0,1.0,0.0,0.0,41.0
ko04614,0.0,0.0,0.0,0.0,0.0,0.0,0.0,0.0,0.0,2.0,0.0,1.0,0.0,0.0,0.0,0.0,0.0,0.0,0.0,0.0,0.0,0.0,0.0,0.0,0.0,0.0,0.0,0.0,0.0,0.0,0.0,1.0,0.0,0.0,22.0
ko04621,1.0,1.0,1.0,1.0,1.0,1.0,1.0,1.0,1.0,2.0,3.0,1.0,1.0,1.0,1.0,3.0,1.0,1.0,1.0,3.0,3.0,1.0,1.0,2.0,1.0,1.0,1.0,1.0,3.0,1.0,1.0,3.0,1.0,1.0,137.0
ko04622,0.0,0.0,0.0,0.0,0.0,0.0,0.0,0.0,0.0,0.0,0.0,1.0,0.0,0.0,0.0,0.0,0.0,0.0,0.0,0.0,0.0,0.0,0.0,1.0,0.0,0.0,0.0,0.0,0.0,0.0,0.0,0.0,1.0,0.0,53.0
ko04626,1.0,1.0,1.0,1.0,1.0,1.0,1.0,1.0,1.0,3.0,4.0,1.0,1.0,1.0,1.0,4.0,1.0,1.0,1.0,5.0,3.0,0.0,1.0,2.0,1.0,1.0,1.0,1.0,5.0,1.0,1.0,3.0,1.0,1.0,78.0
ko04657,0.0,0.0,0.0,0.0,0.0,0.0,0.0,0.0,0.0,1.0,1.0,0.0,0.0,0.0,0.0,1.0,0.0,0.0,0.0,1.0,1.0,0.0,0.0,1.0,0.0,0.0,0.0,0.0,1.0,0.0,0.0,1.0,0.0,0.0,81.0
ko04659,0.0,0.0,0.0,0.0,0.0,0.0,0.0,0.0,0.0,1.0,1.0,0.0,0.0,0.0,0.0,1.0,0.0,0.0,0.0,1.0,1.0,0.0,0.0,1.0,0.0,0.0,0.0,0.0,1.0,0.0,0.0,1.0,0.0,0.0,85.0
ko04724,2.0,2.0,1.0,1.0,1.0,1.0,1.0,1.0,1.0,1.0,2.0,2.0,1.0,1.0,1.0,2.0,1.0,1.0,2.0,2.0,1.0,1.0,2.0,1.0,1.0,1.0,2.0,2.0,2.0,1.0,1.0,2.0,2.0,1.0,85.0
ko04726,0.0,1.0,0.0,0.0,0.0,0.0,0.0,0.0,0.0,0.0,1.0,0.0,0.0,0.0,0.0,1.0,0.0,0.0,0.0,0.0,0.0,0.0,0.0,0.0,0.0,0.0,0.0,0.0,0.0,0.0,0.0,1.0,0.0,0.0,85.0
ko04727,2.0,2.0,1.0,1.0,1.0,2.0,1.0,1.0,1.0,1.0,2.0,2.0,1.0,2.0,1.0,2.0,2.0,2.0,2.0,2.0,1.0,1.0,2.0,2.0,1.0,1.0,2.0,2.0,2.0,1.0,1.0,2.0,2.0,1.0,65.0
ko04728,0.0,1.0,0.0,0.0,0.0,0.0,0.0,0.0,0.0,0.0,1.0,0.0,0.0,0.0,0.0,1.0,0.0,0.0,0.0,0.0,0.0,0.0,0.0,0.0,0.0,0.0,0.0,0.0,0.0,0.0,0.0,1.0,0.0,0.0,83.0
ko04910,1.0,2.0,0.0,1.0,0.0,2.0,0.0,0.0,0.0,1.0,0.0,2.0,0.0,2.0,0.0,0.0,2.0,2.0,1.0,0.0,1.0,0.0,1.0,5.0,0.0,0.0,1.0,1.0,0.0,0.0,1.0,2.0,2.0,0.0,86.0
ko04914,0.0,0.0,0.0,0.0,0.0,0.0,0.0,0.0,0.0,1.0,1.0,0.0,0.0,0.0,0.0,1.0,0.0,0.0,0.0,1.0,1.0,0.0,0.0,1.0,0.0,0.0,0.0,0.0,1.0,0.0,0.0,1.0,0.0,0.0,64.0
ko04915,0.0,0.0,0.0,0.0,0.0,0.0,0.0,0.0,0.0,1.0,1.0,0.0,0.0,0.0,0.0,1.0,0.0,0.0,0.0,1.0,1.0,0.0,0.0,1.0,0.0,0.0,0.0,0.0,1.0,0.0,0.0,1.0,0.0,0.0,65.0
ko04917,0.0,0.0,0.0,1.0,1.0,1.0,1.0,0.0,0.0,0.0,0.0,0.0,1.0,1.0,0.0,0.0,1.0,1.0,0.0,0.0,0.0,1.0,0.0,1.0,0.0,0.0,0.0,0.0,0.0,1.0,1.0,1.0,1.0,1.0,57.0
ko04918,0.0,1.0,2.0,1.0,2.0,2.0,2.0,1.0,2.0,2.0,2.0,0.0,2.0,2.0,1.0,2.0,2.0,2.0,0.0,2.0,2.0,2.0,1.0,2.0,2.0,2.0,0.0,0.0,2.0,2.0,2.0,1.0,0.0,2.0,52.0
ko04919,0.0,0.0,0.0,0.0,0.0,0.0,0.0,0.0,0.0,1.0,1.0,0.0,0.0,0.0,0.0,1.0,0.0,0.0,0.0,1.0,0.0,0.0,0.0,0.0,0.0,0.0,0.0,0.0,1.0,0.0,0.0,0.0,1.0,0.0,88.0
ko04920,2.0,1.0,0.0,0.0,0.0,0.0,0.0,0.0,0.0,1.0,0.0,2.0,0.0,0.0,0.0,0.0,0.0,0.0,2.0,0.0,1.0,0.0,2.0,1.0,0.0,0.0,2.0,2.0,0.0,0.0,0.0,1.0,2.0,0.0,53.0
ko04921,0.0,0.0,0.0,0.0,0.0,0.0,0.0,0.0,0.0,0.0,0.0,0.0,0.0,0.0,0.0,0.0,0.0,0.0,0.0,0.0,0.0,0.0,0.0,1.0,0.0,0.0,0.0,0.0,0.0,0.0,0.0,0.0,0.0,0.0,111.0
ko04922,6.0,5.0,5.0,4.0,5.0,6.0,5.0,5.0,5.0,4.0,3.0,5.0,5.0,6.0,5.0,3.0,6.0,6.0,6.0,3.0,0.0,5.0,6.0,6.0,5.0,5.0,6.0,6.0,3.0,5.0,6.0,6.0,5.0,5.0,55.0
ko04924,0.0,0.0,0.0,0.0,0.0,0.0,0.0,0.0,0.0,1.0,0.0,0.0,0.0,0.0,0.0,0.0,0.0,0.0,0.0,0.0,0.0,0.0,0.0,0.0,0.0,0.0,0.0,0.0,0.0,0.0,0.0,1.0,0.0,0.0,46.0
ko04930,1.0,1.0,1.0,1.0,1.0,1.0,1.0,1.0,1.0,1.0,1.0,1.0,1.0,1.0,1.0,1.0,1.0,1.0,1.0,1.0,0.0,1.0,1.0,2.0,1.0,1.0,1.0,1.0,1.0,1.0,1.0,1.0,1.0,1.0,37.0
ko04931,2.0,1.0,1.0,2.0,1.0,2.0,1.0,1.0,1.0,1.0,1.0,2.0,1.0,2.0,1.0,1.0,2.0,2.0,2.0,1.0,1.0,1.0,2.0,4.0,1.0,1.0,2.0,2.0,1.0,1.0,2.0,2.0,3.0,1.0,73.0
ko04932,0.0,0.0,0.0,0.0,0.0,0.0,0.0,0.0,0.0,4.0,4.0,0.0,0.0,0.0,0.0,4.0,0.0,0.0,0.0,4.0,4.0,0.0,0.0,4.0,0.0,1.0,0.0,0.0,4.0,0.0,0.0,0.0,0.0,0.0,124.0
ko04940,1.0,1.0,1.0,1.0,1.0,2.0,1.0,1.0,1.0,1.0,1.0,1.0,1.0,2.0,1.0,1.0,2.0,2.0,1.0,1.0,1.0,1.0,1.0,2.0,1.0,1.0,1.0,1.0,1.0,1.0,1.0,1.0,1.0,1.0,25.0
ko04964,2.0,1.0,0.0,0.0,0.0,0.0,0.0,0.0,0.0,0.0,1.0,3.0,0.0,0.0,0.0,1.0,0.0,0.0,3.0,1.0,0.0,0.0,2.0,0.0,0.0,0.0,3.0,2.0,1.0,0.0,0.0,1.0,2.0,0.0,14.0
ko04973,0.0,1.0,0.0,0.0,0.0,1.0,0.0,0.0,0.0,0.0,0.0,0.0,0.0,1.0,0.0,0.0,1.0,1.0,0.0,0.0,0.0,0.0,0.0,1.0,0.0,0.0,0.0,0.0,0.0,0.0,1.0,0.0,0.0,0.0,21.0
ko04974,0.0,0.0,0.0,0.0,0.0,0.0,0.0,0.0,0.0,1.0,0.0,0.0,0.0,0.0,0.0,0.0,0.0,0.0,0.0,0.0,0.0,0.0,0.0,1.0,0.0,0.0,0.0,0.0,0.0,0.0,0.0,0.0,0.0,0.0,56.0
ko04976,0.0,0.0,0.0,0.0,0.0,0.0,0.0,0.0,0.0,0.0,0.0,0.0,0.0,0.0,0.0,0.0,0.0,0.0,0.0,0.0,0.0,0.0,0.0,1.0,0.0,0.0,0.0,0.0,0.0,0.0,0.0,0.0,0.0,0.0,59.0
ko04978,1.0,1.0,1.0,0.0,0.0,0.0,0.0,1.0,1.0,0.0,1.0,1.0,0.0,0.0,1.0,1.0,0.0,0.0,0.0,1.0,1.0,0.0,2.0,1.0,1.0,1.0,0.0,1.0,1.0,0.0,0.0,1.0,1.0,0.0,31.0
ko05010,1.0,1.0,1.0,1.0,1.0,1.0,1.0,1.0,1.0,5.0,5.0,1.0,1.0,1.0,1.0,5.0,1.0,1.0,1.0,5.0,5.0,1.0,1.0,4.0,1.0,2.0,1.0,1.0,5.0,1.0,1.0,1.0,1.0,1.0,143.0
ko05012,0.0,0.0,0.0,0.0,0.0,0.0,0.0,0.0,0.0,4.0,4.0,0.0,0.0,0.0,0.0,4.0,0.0,0.0,0.0,4.0,4.0,0.0,0.0,3.0,0.0,1.0,0.0,0.0,4.0,0.0,0.0,0.0,0.0,0.0,122.0
ko05014,1.0,2.0,1.0,0.0,0.0,0.0,0.0,1.0,1.0,3.0,3.0,1.0,0.0,0.0,1.0,3.0,0.0,0.0,1.0,3.0,2.0,0.0,1.0,3.0,1.0,1.0,1.0,1.0,3.0,0.0,0.0,1.0,1.0,0.0,43.0
ko05016,1.0,2.0,1.0,0.0,0.0,1.0,0.0,1.0,1.0,6.0,6.0,1.0,0.0,1.0,1.0,6.0,1.0,1.0,1.0,6.0,5.0,0.0,1.0,6.0,1.0,2.0,1.0,1.0,6.0,0.0,1.0,1.0,1.0,0.0,149.0
ko05020,0.0,1.0,0.0,0.0,0.0,0.0,0.0,0.0,0.0,1.0,1.0,0.0,0.0,0.0,0.0,1.0,0.0,0.0,0.0,1.0,0.0,0.0,0.0,1.0,0.0,0.0,0.0,0.0,1.0,0.0,0.0,0.0,0.0,0.0,30.0
ko05030,0.0,1.0,0.0,0.0,0.0,0.0,0.0,0.0,0.0,0.0,1.0,0.0,0.0,0.0,0.0,1.0,0.0,0.0,0.0,0.0,0.0,0.0,0.0,0.0,0.0,0.0,0.0,0.0,0.0,0.0,0.0,1.0,0.0,0.0,38.0
ko05031,0.0,1.0,0.0,0.0,0.0,0.0,0.0,0.0,0.0,0.0,1.0,0.0,0.0,0.0,0.0,1.0,0.0,0.0,0.0,0.0,0.0,0.0,0.0,0.0,0.0,0.0,0.0,0.0,0.0,0.0,0.0,1.0,0.0,0.0,45.0
ko05034,0.0,1.0,0.0,0.0,0.0,0.0,0.0,0.0,0.0,0.0,1.0,0.0,0.0,0.0,0.0,1.0,0.0,0.0,0.0,0.0,0.0,0.0,0.0,0.0,0.0,0.0,0.0,0.0,0.0,0.0,0.0,1.0,0.0,0.0,84.0
ko05100,0.0,0.0,0.0,0.0,0.0,0.0,0.0,0.0,0.0,2.0,0.0,0.0,0.0,0.0,0.0,0.0,0.0,0.0,0.0,0.0,0.0,0.0,0.0,1.0,0.0,0.0,0.0,0.0,0.0,0.0,0.0,0.0,0.0,0.0,73.0
ko05111,3.0,11.0,6.0,4.0,3.0,3.0,3.0,6.0,6.0,19.0,3.0,4.0,3.0,3.0,6.0,3.0,3.0,3.0,4.0,2.0,15.0,3.0,4.0,0.0,6.0,6.0,4.0,3.0,2.0,3.0,4.0,12.0,5.0,3.0,107.0
ko05120,0.0,2.0,2.0,0.0,0.0,1.0,0.0,2.0,1.0,1.0,1.0,1.0,0.0,1.0,2.0,1.0,1.0,1.0,0.0,0.0,2.0,0.0,1.0,0.0,2.0,2.0,0.0,0.0,0.0,0.0,1.0,1.0,0.0,0.0,90.0
ko05131,0.0,0.0,0.0,0.0,0.0,0.0,0.0,0.0,0.0,2.0,0.0,0.0,0.0,0.0,0.0,0.0,0.0,0.0,0.0,0.0,0.0,0.0,0.0,0.0,0.0,0.0,0.0,0.0,0.0,0.0,0.0,0.0,0.0,0.0,64.0
ko05132,2.0,2.0,1.0,0.0,0.0,0.0,0.0,1.0,1.0,2.0,3.0,1.0,0.0,0.0,1.0,3.0,0.0,0.0,2.0,3.0,0.0,0.0,2.0,1.0,1.0,1.0,2.0,2.0,3.0,0.0,0.0,3.0,0.0,0.0,82.0
ko05133,0.0,0.0,0.0,0.0,0.0,0.0,0.0,0.0,0.0,5.0,2.0,0.0,0.0,0.0,0.0,2.0,0.0,0.0,0.0,1.0,1.0,0.0,0.0,0.0,0.0,0.0,0.0,0.0,1.0,0.0,0.0,0.0,0.0,0.0,79.0
ko05134,3.0,3.0,3.0,2.0,2.0,2.0,2.0,3.0,3.0,5.0,6.0,3.0,2.0,2.0,3.0,6.0,2.0,2.0,3.0,5.0,4.0,2.0,3.0,6.0,3.0,3.0,3.0,3.0,5.0,2.0,2.0,4.0,4.0,2.0,68.0
ko05142,1.0,0.0,0.0,0.0,0.0,0.0,0.0,0.0,0.0,2.0,0.0,1.0,0.0,0.0,0.0,0.0,0.0,0.0,1.0,0.0,0.0,0.0,1.0,0.0,0.0,0.0,1.0,1.0,0.0,0.0,1.0,2.0,1.0,0.0,82.0
ko05143,1.0,0.0,0.0,0.0,0.0,0.0,0.0,0.0,0.0,1.0,0.0,1.0,0.0,0.0,0.0,0.0,0.0,0.0,1.0,0.0,0.0,0.0,1.0,0.0,0.0,0.0,1.0,1.0,0.0,0.0,1.0,1.0,1.0,0.0,37.0
ko05145,0.0,0.0,0.0,0.0,0.0,0.0,0.0,0.0,0.0,1.0,1.0,0.0,0.0,0.0,0.0,1.0,0.0,0.0,0.0,1.0,1.0,0.0,0.0,1.0,0.0,0.0,0.0,0.0,1.0,0.0,0.0,0.0,0.0,0.0,94.0
ko05146,0.0,1.0,0.0,0.0,0.0,0.0,0.0,1.0,0.0,1.0,1.0,0.0,0.0,0.0,1.0,1.0,0.0,0.0,0.0,1.0,0.0,0.0,0.0,1.0,1.0,1.0,0.0,0.0,1.0,0.0,0.0,1.0,0.0,0.0,81.0
ko05150,0.0,0.0,5.0,4.0,2.0,5.0,5.0,5.0,5.0,1.0,1.0,0.0,2.0,5.0,5.0,1.0,5.0,5.0,0.0,1.0,0.0,5.0,1.0,0.0,5.0,5.0,0.0,0.0,1.0,6.0,5.0,0.0,0.0,2.0,66.0
ko05152,2.0,3.0,3.0,3.0,3.0,3.0,3.0,3.0,3.0,4.0,4.0,3.0,3.0,3.0,3.0,4.0,3.0,3.0,3.0,4.0,4.0,3.0,3.0,3.0,3.0,3.0,3.0,2.0,4.0,3.0,3.0,3.0,4.0,3.0,131.0
ko05160,0.0,0.0,0.0,0.0,0.0,0.0,0.0,0.0,0.0,0.0,0.0,0.0,0.0,0.0,0.0,0.0,0.0,0.0,0.0,0.0,0.0,0.0,0.0,1.0,0.0,0.0,0.0,0.0,0.0,0.0,0.0,0.0,0.0,0.0,79.0
ko05161,0.0,0.0,0.0,0.0,0.0,0.0,0.0,0.0,0.0,1.0,1.0,0.0,0.0,0.0,0.0,1.0,0.0,0.0,0.0,1.0,1.0,0.0,0.0,2.0,0.0,0.0,0.0,0.0,1.0,0.0,0.0,0.0,0.0,0.0,113.0
ko05162,0.0,0.0,0.0,0.0,0.0,0.0,0.0,0.0,0.0,0.0,0.0,0.0,0.0,0.0,0.0,0.0,0.0,0.0,0.0,0.0,0.0,0.0,0.0,1.0,0.0,0.0,0.0,0.0,0.0,0.0,0.0,0.0,0.0,0.0,109.0
ko05164,0.0,0.0,0.0,0.0,0.0,0.0,0.0,0.0,0.0,1.0,1.0,0.0,0.0,0.0,0.0,1.0,0.0,0.0,0.0,1.0,1.0,0.0,0.0,2.0,0.0,0.0,0.0,0.0,1.0,0.0,0.0,0.0,0.0,0.0,124.0
ko05165,1.0,1.0,1.0,1.0,1.0,1.0,1.0,1.0,1.0,1.0,1.0,1.0,1.0,1.0,1.0,1.0,1.0,1.0,1.0,1.0,0.0,1.0,1.0,2.0,1.0,1.0,1.0,1.0,1.0,1.0,1.0,1.0,1.0,1.0,228.0
ko05166,0.0,0.0,1.0,0.0,1.0,1.0,0.0,0.0,1.0,0.0,0.0,0.0,1.0,1.0,0.0,0.0,1.0,1.0,0.0,0.0,0.0,0.0,0.0,3.0,0.0,1.0,0.0,0.0,0.0,0.0,0.0,0.0,0.0,1.0,207.0
ko05167,0.0,0.0,0.0,0.0,0.0,0.0,0.0,0.0,0.0,1.0,1.0,0.0,0.0,0.0,0.0,1.0,0.0,0.0,0.0,1.0,1.0,0.0,0.0,1.0,0.0,0.0,0.0,0.0,1.0,0.0,0.0,0.0,0.0,0.0,155.0
ko05168,0.0,0.0,0.0,0.0,0.0,0.0,0.0,0.0,0.0,1.0,1.0,0.0,0.0,0.0,0.0,1.0,0.0,0.0,0.0,1.0,1.0,0.0,0.0,3.0,0.0,0.0,0.0,0.0,1.0,0.0,0.0,0.0,0.0,0.0,145.0
ko05169,0.0,0.0,0.0,0.0,0.0,0.0,0.0,0.0,0.0,0.0,0.0,0.0,0.0,0.0,0.0,0.0,0.0,0.0,0.0,0.0,0.0,0.0,0.0,2.0,0.0,0.0,0.0,0.0,0.0,0.0,0.0,0.0,0.0,0.0,164.0
ko05200,1.0,1.0,1.0,1.0,1.0,0.0,1.0,1.0,1.0,3.0,3.0,1.0,1.0,0.0,1.0,3.0,0.0,0.0,1.0,3.0,3.0,0.0,1.0,3.0,1.0,1.0,1.0,1.0,3.0,1.0,0.0,2.0,1.0,1.0,316.0
ko05203,1.0,1.0,1.0,1.0,1.0,1.0,1.0,1.0,1.0,1.0,1.0,1.0,1.0,1.0,1.0,1.0,1.0,1.0,1.0,1.0,0.0,1.0,1.0,3.0,1.0,1.0,1.0,1.0,1.0,1.0,1.0,1.0,1.0,1.0,172.0
ko05204,0.0,1.0,1.0,0.0,0.0,0.0,0.0,0.0,0.0,2.0,2.0,1.0,0.0,0.0,1.0,2.0,0.0,0.0,0.0,2.0,2.0,0.0,0.0,2.0,0.0,0.0,0.0,0.0,2.0,0.0,0.0,1.0,0.0,0.0,36.0
ko05205,1.0,1.0,1.0,1.0,1.0,1.0,1.0,1.0,1.0,1.0,1.0,1.0,1.0,1.0,1.0,1.0,1.0,1.0,1.0,1.0,1.0,1.0,1.0,2.0,1.0,1.0,1.0,1.0,1.0,1.0,1.0,1.0,1.0,1.0,162.0
ko05206,2.0,2.0,0.0,0.0,0.0,1.0,0.0,1.0,1.0,1.0,1.0,2.0,0.0,1.0,0.0,1.0,1.0,1.0,2.0,1.0,1.0,0.0,2.0,1.0,0.0,0.0,1.0,2.0,1.0,0.0,1.0,1.0,1.0,0.0,232.0
ko05210,0.0,0.0,0.0,0.0,0.0,0.0,0.0,0.0,0.0,1.0,1.0,0.0,0.0,0.0,0.0,1.0,0.0,0.0,0.0,1.0,1.0,0.0,0.0,1.0,0.0,0.0,0.0,0.0,1.0,0.0,0.0,0.0,0.0,0.0,49.0
ko05211,1.0,1.0,1.0,1.0,1.0,0.0,1.0,1.0,1.0,1.0,1.0,1.0,1.0,0.0,1.0,1.0,0.0,0.0,1.0,1.0,1.0,0.0,1.0,1.0,1.0,1.0,1.0,1.0,1.0,1.0,0.0,1.0,1.0,1.0,51.0
ko05215,0.0,0.0,0.0,0.0,0.0,0.0,0.0,0.0,0.0,1.0,1.0,0.0,0.0,0.0,0.0,1.0,0.0,0.0,0.0,1.0,1.0,0.0,0.0,1.0,0.0,0.0,0.0,0.0,1.0,0.0,0.0,1.0,0.0,0.0,70.0
ko05219,0.0,0.0,0.0,0.0,0.0,0.0,0.0,0.0,0.0,0.0,0.0,1.0,0.0,0.0,0.0,0.0,0.0,0.0,1.0,0.0,0.0,0.0,0.0,0.0,0.0,0.0,1.0,0.0,0.0,0.0,0.0,0.0,0.0,0.0,38.0
ko05222,0.0,0.0,0.0,0.0,0.0,0.0,0.0,0.0,0.0,1.0,1.0,0.0,0.0,0.0,0.0,1.0,0.0,0.0,0.0,1.0,1.0,0.0,0.0,1.0,0.0,0.0,0.0,0.0,1.0,0.0,0.0,0.0,0.0,0.0,66.0
ko05230,7.0,7.0,6.0,4.0,5.0,6.0,5.0,6.0,6.0,6.0,5.0,6.0,5.0,6.0,6.0,5.0,6.0,6.0,7.0,5.0,0.0,5.0,7.0,7.0,6.0,6.0,7.0,7.0,5.0,5.0,6.0,7.0,5.0,5.0,46.0
ko05231,0.0,0.0,0.0,0.0,0.0,0.0,0.0,0.0,0.0,1.0,0.0,0.0,0.0,0.0,0.0,0.0,0.0,0.0,0.0,0.0,1.0,0.0,0.0,0.0,0.0,0.0,0.0,0.0,0.0,0.0,0.0,0.0,0.0,0.0,61.0
ko05340,1.0,1.0,1.0,2.0,1.0,2.0,1.0,1.0,1.0,1.0,1.0,2.0,1.0,2.0,1.0,1.0,2.0,2.0,2.0,0.0,2.0,2.0,1.0,2.0,1.0,1.0,2.0,1.0,0.0,1.0,1.0,1.0,2.0,1.0,35.0
ko05410,0.0,0.0,0.0,0.0,0.0,0.0,0.0,0.0,0.0,1.0,0.0,0.0,0.0,0.0,0.0,0.0,0.0,0.0,0.0,0.0,0.0,0.0,0.0,0.0,0.0,0.0,0.0,0.0,0.0,0.0,0.0,1.0,0.0,0.0,73.0
ko05416,0.0,0.0,0.0,0.0,0.0,0.0,0.0,0.0,0.0,1.0,1.0,0.0,0.0,0.0,0.0,1.0,0.0,0.0,0.0,1.0,1.0,0.0,0.0,1.0,0.0,0.0,0.0,0.0,1.0,0.0,0.0,0.0,0.0,0.0,38.0
ko05418,2.0,3.0,2.0,1.0,2.0,2.0,2.0,2.0,2.0,5.0,4.0,3.0,2.0,2.0,2.0,4.0,2.0,3.0,2.0,5.0,4.0,2.0,3.0,6.0,2.0,2.0,2.0,2.0,5.0,2.0,1.0,3.0,2.0,2.0,98.0
